whenInputted,agent,street,buildingNumber,entranceCount,appartmentsByEntrancesDesc,appartmentsCount,entranceGuardType,entranceServiceCompany,notes,buildingCorpsNumber,
25.06.2014 13:55:16,Влад,Гришко,9,2,1x216; 1x143,359,Консьерж ,,охрана ,,1
25.06.2014 13:57:03,Влад,Гришко,3а,1,1,1,Консьерж ,,трц,,1
25.06.2014 13:58:12,Влад,Гришко,5,1,1,1,Консьерж ,,трц,,1
25.06.2014 13:59:43,Влад,Гришко,7,п,п,п,Консьерж ,,макдональдс,,1
25.06.2014 14:00:32,Александра,Бажана ,10,6,"1х131,79,71,47,63,48",439,Консьерж ,,,,1
25.06.2014 14:01:16,Влад,Гришко,6,1,1,1,Консьерж ,,тц,,1
25.06.2014 14:05:12,Александра,Чавдар,3,1,1х200,200,Консьерж ,,,,1
25.06.2014 14:06:07,Влад,Гришко,8,1,142,142,Домофон,,консьержка ,,1
25.06.2014 14:07:54,Влад,Гришко,8,1,80,80,Консьерж ,,,а,1
25.06.2014 14:10:09,Александра,Чавдар,1,3,"1х88,1x175, 1x87",350,Домофон, VISIT,,,1
25.06.2014 14:11:12,Влад,Гришко,10,1,144,144,Консьерж ,,,,1
25.06.2014 14:15:16,Влад,Гришко,8,1,114,114,Консьерж ,,,б,1
25.06.2014 14:19:29,Александра,Бажана ,12,6,"1x132,80,72,63; 2x48",444,Консьерж ,,,,1
25.06.2014 14:25:29,Влад,Гмыри,1б,4,1 x80;1x83;1x92;1x66,321,Консьерж ,,,6,1
25.06.2014 14:27:04,Александра,Бажана ,14,6,"1x112,80,72,,64; 2x48",424,Консьерж ,,,,1
25.06.2014 14:27:45,Влад,Гмыри,1a,1,71,71,Консьерж ,,,4,1
25.06.2014 14:29:34,Влад,Гмыри,3a,1,1,1,Консьерж ,,дет сад,,1
25.06.2014 14:32:26,Александра,Бажана ,16,6,"1x110,80,72,64; 2x48",422,Консьерж ,,,,1
25.06.2014 14:34:30,Влад,Гмыри,1,4,2х76;1х79;1х60,294,Консьерж ,,,2,1
25.06.2014 14:37:03,Влад,Гмыри,1,1,2,1,Консьерж ,,тц,,1
25.06.2014 14:37:03,Александра,Гмыри,2,3,"1x56,64,90",210,Домофон, VISIT,,,1
25.06.2014 14:40:30,Александра,Гмыри,4,3,"56,64,90",210,Домофон, VISIT,,,1
25.06.2014 14:41:13,Влад,Гришко,5,й,й,й,Консьерж ,,тц,,1
25.06.2014 14:42:49,Александра,Гмыри,6,3,"1x56,64,90",210,Домофон, VISIT,,,1
25.06.2014 14:51:55,Влад,Гмыри,3,5,2х35;1х41;1х47;1х48,210,Домофон,визит,,,1
25.06.2014 14:52:21,Александра,Гмыри,8Б,2,"1х80,100",180,Домофон, VISIT,,,1
25.06.2014 14:57:21,Александра,Чавдар,11,1,1х220,220,Домофон, VISIT,,,1
25.06.2014 15:01:09,Влад,Гмыри,5,5,2х30;2х40;1х39,179,Домофон,цифрал,,,1
25.06.2014 15:04:39,Влад,Гмыри,7,й,й,й,Консьерж ,,кийпастранс кийміськбуд,,1
25.06.2014 15:04:40,Александра,Чавдар,9,1,1x200,200,Домофон, VISIT,консьерж,,1
25.06.2014 15:08:09,Влад,Гмыри,9а,2,2х64,128,Домофон,цифрал,,,1
25.06.2014 15:13:09,Влад,Гмыри,5а,3,3х40,120,Домофон,цифрал,,,1
25.06.2014 15:13:32,Александра,Чавдар,7,1,1х198,198,Домофон, VIZIT,консьерж,,1
25.06.2014 15:15:25,Александра,Чавдар,5,1,1х198,198,Домофон, VIZIT,консьерж,,1
25.06.2014 15:18:00,Влад,Гмыри,9б,3,1х50;2х40,130,Домофон,визит,,,1
25.06.2014 15:24:04,Александра,Чавдар,4,1,1х149,149,Консьерж ,,,,1
25.06.2014 15:24:09,Влад,Гмыри,9в,7,1х30;6х42,294,Домофон,визит,,,1
25.06.2014 15:26:39,Александра,Чавдар,2,1,1х177,177,Домофон, VIZIT,,,1
25.06.2014 15:28:41,Влад,Гмыри,9,5,3х40;2х38,196,Домофон,визит,,,1
25.06.2014 15:29:59,Александра,Чавдар,6,1,1х149,149,Домофон, VIZIT,консьерж,,1
25.06.2014 15:30:33,Влад,Гмыри,11,2,2х48,96,Домофон,цифрал,,,1
25.06.2014 15:33:15,Александра,Чавдар,8,2,2х112,224,Домофон, VIZIT,консьерж,,1
25.06.2014 15:34:22,Влад,Гмыри,13,5,2х40;2х30;1х39,179,Домофон,цифрал,,,1
25.06.2014 15:35:59,Влад,Гмыри,13а,й,й,й,Консьерж ,,котельня,,1
25.06.2014 15:36:53,Александра,Ващенко,1,3,"1х131,119,139",389,Домофон, VIZIT,консьерж,,1
25.06.2014 15:39:53,Александра,Чавдар,14,1,1х149,149,Домофон, VIZIT,консьерж,,1
25.06.2014 15:40:59,Влад,Григоренко пр,38а,5,2х84;3х56,336,Консьерж ,,,,1
25.06.2014 15:42:45,Влад,Гмыри,3б,й,й,й,Консьерж ,,гимназия,,1
25.06.2014 15:43:35,Александра,Чавдар,18,2,"2х112,",224,Домофон, VIZIT,консьерж,,1
25.06.2014 15:47:15,Влад,Григоренко пр,36а,3,2х48;1х42,136,Домофон,цифрал,консьерж,,1
25.06.2014 15:47:31,Александра,Ващенко,3,3,"1х131,119,139",389,Домофон, VIZIT,консьерж,,1
25.06.2014 15:48:41,Влад,Григоренко пр,36б,й,й,й,Консьерж ,,газовая,,1
25.06.2014 15:49:53,Александра,Чавдар,22,1,1х149,149,Домофон, VIZIT,консьерж,,1
25.06.2014 15:53:38,Александра,Чавдар,24,2,"1х112,110",222,Домофон, VIZIT,консьерж,,1
25.06.2014 15:57:51,Влад,Григоренко пр,36,7,1х109;75;95;79;64;2х80,582,Домофон,цифрал,,,1
25.06.2014 15:58:29,Александра,Ващенко,5,3,"2х120, 1х160",400,Домофон, VIZIT,консьерж,,1
25.06.2014 16:04:21,Влад,Григоренко пр,38,2,1х116;134,250,Домофон,цифрал,консьерж,,1
25.06.2014 16:06:06,Влад,Григоренко пр,15а,1,116,116,Домофон,метаком,,,1
25.06.2014 16:10:45,Влад,Григоренко пр,15,5,1х40;39;3х30,169,Консьерж ,,,,1
25.06.2014 16:11:57,Влад,Григоренко пр,17,й,й,й,Консьерж ,,стройка,,1
25.06.2014 16:18:16,Александра,Гмыри,2в,ю,ю,ю,Консьерж ,,"гимназия ""Киевская Русь""",,1
25.06.2014 16:21:05,Александра,Гмыри,2г,ю,ю,ю,Консьерж ,,ДС н.21,,1
25.06.2014 16:43:17,Александра,Бажана ,10а,ю,ю,ю,Консьерж ,,ТЦ,,1
25.06.2014 16:44:23,Александра,Бажана ,12а,ю,ю,ю,Консьерж ,,ТЦ,,1
25.06.2014 16:45:17,Александра,Бажана ,14а,ю,ю,ю,Консьерж ,,ТЦ,,1
25.06.2014 16:52:52,Влад,Григоренко пр,17,й,й,й,Консьерж ,,стройка,,1
25.06.2014 16:53:42,Влад,Григоренко пр,39в,1,140,140,Консьерж ,,,,1
25.06.2014 16:53:58,Александра,Григоренко пр,41,1,1х116,116,Кодовый замок,,,,1
25.06.2014 16:57:03,Влад,Григоренко пр,39б,1,й,й,Консьерж ,,офисы; тц,,1
25.06.2014 16:58:51,Влад,Мишуги,11,1,95,95,Домофон,цифрал,,,1
25.06.2014 17:00:23,Влад,Григоренко пр,39,3,3х40,120,Домофон,цифрал,,,1
25.06.2014 17:01:45,Александра,Крушельницкой,1,6,"3х40,39",237,Кодовый замок,,консьерж,5,1
25.06.2014 17:02:41,Влад,Мишуги,5,й,й,й,Консьерж ,,гимназия 323,,1
25.06.2014 17:05:27,Влад,Григоренко пр,39а,3,3х40,120,Домофон,2 разных домофона и один код замок,,,1
25.06.2014 17:07:31,Александра,Крушельницкой,3,5,"2x40,3x39",197,Домофон,CYFRAL,,,1
25.06.2014 17:11:46,Влад,Мишуги,11б,й,й,й,Консьерж ,,тц,,1
25.06.2014 17:12:20,Александра,Крушельницкой,3a,1,1x111,111,Консьерж ,,,,1
25.06.2014 17:13:29,Влад,Мишуги,9,1,95,95,Домофон,визит,консьерж,,1
25.06.2014 17:15:48,Влад,Мишуги,7,1,95,95,Домофон,,консьерж,,1
25.06.2014 17:16:50,Александра,Григоренко пр,39а,3,3х40,120,Домофон,CYFRAL,,,1
25.06.2014 17:21:53,Влад,Мишуги,3,6,64,384,Домофон,цифрал,,,1
25.06.2014 17:22:56,Влад,Мишуги,3в,й,й,й,Консьерж ,,тц,,1
25.06.2014 17:24:36,Влад,Мишуги,7а,й,й,й,Консьерж ,,кафе,,1
25.06.2014 17:25:21,Влад,Мишуги,9ай,й,й,й,Консьерж ,,тц,,1
25.06.2014 17:26:11,Александра,Руденко,8а,ю,ю,ю,Консьерж ,,ДС,,1
25.06.2014 17:26:59,Влад,Мишуги,6,й,й,й,Консьерж ,,тц,,1
25.06.2014 17:27:51,Влад,Мишуги,4,й,й,й,Консьерж ,,тц пирамида,,1
25.06.2014 17:28:08,Александра,Руденко,10в,1,1х140,140,Консьерж ,,,,1
25.06.2014 17:30:06,Влад,Мишуги,3а,й,й,й,Консьерж ,,тц лото кинг,,1
25.06.2014 17:34:30,Влад,Мишуги,2,5,2х60;70;1х106,366,Домофон,визит,консьерж,,1
25.06.2014 17:34:34,Александра,Руденко,10б,1,1х79,79,Консьерж ,,,,1
25.06.2014 17:37:25,Александра,Руденко,10а,1,1х79,79,Консьерж ,,,,1
25.06.2014 17:40:09,Александра,Руденко,10г,1,1х140,140,Домофон,Метаком,консьерж,,1
25.06.2014 17:40:11,Влад,Мишуги,1а,й,й,й,Консьерж ,,тц,,1
25.06.2014 17:41:32,Александра,Руденко,10,1,1х79,79,Домофон,CYFRAL,,,1
25.06.2014 17:44:59,Александра,Руденко,8,1,1x116,116,Кодовый замок,,,,1
25.06.2014 17:47:12,Влад,Мишуги,1,7,2х52;1х60;90;100;85;78,517,Домофон,цифрал,,4,1
25.06.2014 17:48:25,Александра,Руденко,6,4,"2x39, 1x30,,40",148,Домофон,Метаком,,,1
25.06.2014 17:49:53,Александра,Руденко,6,4,"2x39, 1x30,,40",148,Домофон,Метаком,,,1
25.06.2014 17:50:47,Влад,Мишуги,3б,й,й,й,Консьерж ,,детсад,,1
25.06.2014 17:52:43,Александра,Руденко,6а,ю,ю,ю,Консьерж ,,ТЦ,,1
25.06.2014 18:06:22,Влад,Мишуги,8,3,1х100;68;54,222,Домофон,визит,,,1
25.06.2014 18:09:59,Александра,Мишуги,12,3,1х162;96;92,350,Домофон,,,,1
27.06.2014 17:10:49,Влад,Бажана ,42,й,й,й,Консьерж ,,тц,,1
27.06.2014 17:16:09,Влад,Бажана ,36,4,3х80;1х88,328,Домофон,визит,,,1
27.06.2014 17:18:34,Александра,Бажана ,30,4,4х60,240,Домофон, CYFRAL ,консьерж,,1
27.06.2014 17:19:33,Влад,Бажана ,34,1,100,100,Домофон,цифрал,+консьержа,,1
27.06.2014 17:22:23,Влад,Ревуцкого,42,1,142,142,Консьерж ,,,,1
27.06.2014 17:23:52,Александра,Бажана ,26,4,"2х75, 90",330,Консьерж ,,,,1
27.06.2014 17:24:23,Влад,Ревуцкого,42а,1,142,142,Консьерж ,,,,1
27.06.2014 17:24:43,Александра,Бажана ,6б,ю,ю,ю,Консьерж ,,ДС,,1
27.06.2014 17:26:07,Влад,Ревуцкого,42б,1,142,142,Консьерж ,,,,1
27.06.2014 17:27:37,Влад,Ревуцкого,42в,й,й,й,Консьерж ,,тц,,1
27.06.2014 17:28:46,Александра,Бажана ,24,4,"1х96,94; 2х92",374,Кодовый замок,,консьерж,1,1
27.06.2014 17:31:02,Александра,Руденко,3а,1,1х100,100,Домофон, CYFRAL ,,,1
27.06.2014 17:36:32,Влад,Ревуцкого,44,5,2х56;1х102;91;64,369,Домофон,цифрал,5ый подъезд консьержа,,1
27.06.2014 17:38:14,Александра,Руденко,3б,2,"1х90,88",178,Домофон, CYFRAL ,,,1
27.06.2014 17:44:03,Александра,Руденко,5,1,1х115,115,Домофон, CYFRAL ,,,1
27.06.2014 17:44:05,Влад,Вишняковская,6а,4,2х80;114,388,Домофон,цифрал,,,1
27.06.2014 17:46:18,Влад,Ревуцкого,46,й,й,й,Консьерж ,,тц,,1
27.06.2014 17:50:50,Александра,Руденко,7,8,3х40; 5х39,315,Домофон, CYFRAL ,,,1
27.06.2014 17:53:33,Влад,Ревуцкого,44б,2,1х111;79,190,Домофон,визит,,,1
27.06.2014 17:58:30,Александра,Бажана ,28в,5,2х40; 3х39,197,Домофон,Метаком,,,1
27.06.2014 17:58:51,Влад,Вишняковская,8,7,4х40;3х39,277,Кодовый замок,,за входной дверью домофон визит,,1
27.06.2014 18:00:25,Влад,Вишняковская,8а,2,2х111,111,Домофон,елтис,+консьержа,,1
27.06.2014 18:01:49,Александра,Бажана ,28а,2,2х111,222,Домофон, CYFRAL ,,,1
27.06.2014 18:04:36,Александра,Бажана ,28,1,1х89,89,Домофон, CYFRAL ,,,1
27.06.2014 18:05:16,Влад,Бажана ,32а,й,й,й,Консьерж ,,школа 316,,1
27.06.2014 18:07:04,Влад,Вишняковская,12а,2,2х111,222,Домофон,цифрал,,,1
27.06.2014 18:10:42,Влад,Вишняковская,12,7,4х40;3х39,277,Кодовый замок,,за входной дверью домофон цифрал,,1
27.06.2014 18:17:30,Влад,Вишняковская,12б,й,й,й,Консьерж ,,детсад 149,,1
27.06.2014 18:25:29,Влад,Бажана ,32,1,100,100,Домофон,цифрал,,,1
27.06.2014 18:27:36,Влад,Бажана ,32б,й,й,й,Консьерж ,,электрощитовая,,1
27.06.2014 18:28:58,Александра,Вишняковская,13,4,"2x55, 83",276,Домофон,Метаком,консьерж,,1
27.06.2014 18:40:34,Влад,Вишняковская,11,1,95,95,Консьерж ,,,,1
27.06.2014 18:48:24,Влад,Вишняковская,9,4,1х54;2х83;1х55,275,Домофон,визит,+консьержук ( предыдущий результат этого дома удалите),,1
27.06.2014 18:51:00,Влад,Вишняковская,3,1,142,142,Консьерж ,,,,1
27.06.2014 18:52:12,Влад,Вишняковская,1,1,140,140,Домофон,визит,+консьержка,,1
27.06.2014 18:53:41,Александра,Руденко,15,8,2х40; 6х39,315,Кодовый замок,,,14,1
27.06.2014 18:54:42,Александра,Руденко,13,1,1х114,114,Кодовый замок,,,,1
27.06.2014 18:56:58,Александра,Руденко,17,1,1х111,111,Домофон, CYFRAL ,,,1
27.06.2014 18:58:32,Влад,Вишняковская,5,3,1х63;79;78,221,Домофон,визит,3ий подъезд консьержка,,1
27.06.2014 19:02:24,Александра,Руденко,9,1,1x111,111,Домофон,Метаком,консьерж,,1
27.06.2014 19:04:09,Александра,Руденко,9а,ю,ю,ю,Консьерж ,,тц,,1
27.06.2014 19:05:29,Александра,Руденко,17а,ю,ю,ю,Консьерж ,,тц,,1
27.06.2014 19:09:00,Влад,Вишняковская,5а,2,1х55;69,124,Домофон,визит и метаком,,,1
27.06.2014 19:12:00,Влад,Вишняковская,5б,2,1х56;84,140,Консьерж ,,,,1
27.06.2014 19:12:59,Александра,Вишняковская,19,1,1х142,142,Домофон,Vizit,консьерж,19,1
27.06.2014 19:14:48,Александра,Вишняковская,17,1,1х140,140,Консьерж ,,,,1
27.06.2014 19:22:25,Александра,Руденко,13б,3,"1х56,64,80",200,Домофон,кс,консьерж,,1
27.06.2014 19:22:39,Влад,Вишняковская,7б,2,1х95;123,218,Домофон,цифрал,+консьержка,,1
27.06.2014 19:23:15,Александра,Руденко,13б,3,"1х56,64,80",200,Домофон,кс,консьерж,,1
27.06.2014 19:24:13,Влад,Вишняковская,7а,4,2х70;56,252,Домофон,цифрал,+консьержка,,1
27.06.2014 19:29:39,Влад,Вишняковская,13а,1,83,83,Домофон,метаком,+консьержка,,1
27.06.2014 19:31:35,Влад,Вишняковская,13в,1,83,83,Домофон,метаком,+консьержка,,1
27.06.2014 19:34:59,Влад,Крушельницкой,7,1,140,140,Консьерж ,,,,1
27.06.2014 19:37:03,Влад,Крушельницкой,5,1,140,140,Консьерж ,,,,1
27.06.2014 19:41:18,Александра,Руденко,13б,3,"1х56,64,80",200,Домофон,кс,консьерж,,1
27.06.2014 19:43:15,Александра,Руденко,21а,3,"1х95,72,60",227,Домофон,кс,консьерж,,1
27.06.2014 19:44:25,Александра,Руденко,21,1,1х140,140,Консьерж ,,,,1
27.06.2014 22:53:19,Александра,Руденко,21,1,1х140,140,Консьерж ,,,,1
28.06.2014 10:20:15,Влад,Тростянецкая,49,3,1х47;75;34,156,Консьерж ,,,,1
28.06.2014 10:28:35,Александра,Крупской,10,3,1х20; 2х18,56,Домофон, CYFRAL ,,,1
28.06.2014 10:28:53,Влад,Тростянецкая,47,4,"1х69;79;85 (в четвертом подъезде нумерация меньше чем в третьем, фиг пойми как так",233,Домофон,цифрал и метаком,,,1
28.06.2014 10:30:36,Александра,Крупской,8,3,1х20; 2х18,56,Домофон,Eltis,,,1
28.06.2014 10:34:38,Александра,Ильича,5,4,4х20,80,Домофон, CYFRAL ,,,1
28.06.2014 10:35:55,Влад,Харьковское шоссе,55,5,4х36;1х35,179,Домофон,цифрал и визит,"предыдущий результат ( тростянецкая 55) удалите, пожалуйста 55",,1
28.06.2014 10:36:35,Влад,Харьковское шоссе,53,й,й,й,Консьерж ,,тц,,1
28.06.2014 10:37:04,Александра,Сормовская,9,4,4х20,80,Домофон, CYFRAL ,кодовый замок,,1
28.06.2014 10:38:22,Влад,Руднева,34,1,95,95,Домофон,цифрал,,,1
28.06.2014 10:40:37,Александра,Ильича,7а,4,4х20,80,Домофон, CYFRAL ,,,1
28.06.2014 10:41:50,Влад,Харьковское шоссе,55а,3,2х36;1х35,107,Домофон,визит,,,1
28.06.2014 10:42:50,Александра,Крупской,8а,4,4х20,80,Домофон, CYFRAL ,,,1
28.06.2014 10:43:02,Александра,Крупской,8а,4,4х20,80,Домофон, CYFRAL ,,,1
28.06.2014 10:46:02,Александра,Крупской,8,3,1х20; 2х18,56,Домофон, CYFRAL ,,,1
28.06.2014 10:46:38,Влад,Славгородская,4,5,4х36;1х44,188,Домофон,"цифрал и метаком, визит",,,1
28.06.2014 10:50:49,Влад,Харьковское шоссе,55б,й,й,й,Консьерж ,,детсад,,1
28.06.2014 10:53:43,Влад,Славгородская,2,3,2х36;1х35,107,Домофон,"метаком и елтис, цифрал",,10,1
28.06.2014 10:56:30,Александра,Ялтинская,6,4,4х16,64,Домофон,Eltis,кодовый замок,,1
28.06.2014 10:57:26,Влад,Харьковское шоссе,53а,2,2х117,234,Кодовый замок,,,,1
28.06.2014 11:00:47,Влад,Харьковское шоссе,51б,2,117,234,Домофон,визит,,,1
28.06.2014 11:03:24,Влад,Харьковское шоссе,51а,й,й,й,Консьерж ,,"что-то непонятное, частное наверное",,1
28.06.2014 11:04:34,Александра,Ялтинская,8,4,4х20,80,Домофон,Vizit,кодовый замок,1,1
28.06.2014 11:06:30,Влад,Харьковское шоссе,51,5,4х36;1х35,179,Домофон,цифрал и метаком,,,1
28.06.2014 11:11:32,Влад,Харьковское шоссе,49,4,1х30;86;59;47,222,Домофон,цифрал и метаком,2ой подъезд консьержка,,1
28.06.2014 11:14:25,Влад,Харьковское шоссе,67а,2,117,234,Домофон,цифрал,,,1
28.06.2014 11:18:26,Александра,Ильича,6,4,"2х12, 15",54,Домофон,Vizit,кодовый замок,5,1
28.06.2014 11:28:16,Александра,Ильича,4,5,"1х8;  2х13,15",64,Домофон,Vizit,кодовый замок,6,1
28.06.2014 11:32:00,Александра,Крупской,4а,6,2х20; 4х15,100,Домофон,"Vizi, cyfral",кодовый замок,,1
28.06.2014 11:32:50,Влад,Симферопольская,21,2,1х4;5,9,Кодовый замок,,,9,1
28.06.2014 11:34:15,Влад,Симферопольская,19,й,й,й,Консьерж ,,медицинский центр,1,1
28.06.2014 11:35:20,Влад,Симферопольская,19,2,2х4,8,Кодовый замок,,,,1
28.06.2014 11:36:39,Александра,Симферопольская,3,5,"1х8,12,13,14,15",62,Домофон,Vizit,кодовый замок,2,1
28.06.2014 11:36:43,Влад,Симферопольская,17,2,2х4,8,Кодовый замок,,,2,1
28.06.2014 11:36:55,Александра,Симферопольская,3,5,"1х8,12,13,14,15",62,Домофон,Vizit,кодовый замок,2,1
28.06.2014 11:45:55,Влад,Новодарницкая,2,3,1х13;11;6,30,Кодовый замок,,,,1
28.06.2014 11:47:06,Влад,Новодарницкая,2а,2,2х4,8,Кодовый замок,,,,1
28.06.2014 11:47:56,Александра,Симферопольская,5,4,"2х12,15",54,Домофон,"Vizit, cyfral",кодовый замок,1,1
28.06.2014 11:51:46,Влад,Новодарницкая,4,3,3х12;,36,Кодовый замок,,второй подъезд домофон визит,,1
28.06.2014 11:53:24,Александра,Симферопольская,3,ю,ю,ю,Консьерж ,,?,,1
28.06.2014 11:54:01,Влад,Новодарницкая,4,3,12,36,Кодовый замок,,второй подъезд домофон визит,,1
28.06.2014 11:55:25,Влад,Новодарницкая,6,3,1з49;39;36,124,Домофон,цифрал,,,1
28.06.2014 12:00:37,Александра,Ильича,8,4,4х20,80,Домофон, CYFRAL ,,,1
28.06.2014 12:04:02,Влад,Ильича,20а,2,1х36;54,90,Домофон,визит,,,1
28.06.2014 12:05:14,Влад,Ильича,20,2,4,8,Кодовый замок,,,,1
28.06.2014 12:05:41,Александра,Ильича,10,5,"1x8,12,13,14,15",62,Домофон,Vizit,кодовый замок,5,1
28.06.2014 12:06:02,Влад,Ильича,22,2,4,8,Кодовый замок,,,15,1
28.06.2014 12:07:30,Влад,Российская,11,2,4,8,Кодовый замок,,,,1
28.06.2014 12:08:27,Влад,Российская,13,2,4,8,Кодовый замок,,,,1
28.06.2014 12:10:23,Влад,Российская,13а,й,й,й,Консьерж ,,детсад,,1
28.06.2014 12:11:57,Александра,Заслонова,3,1,1х160,160,Домофон,Eltis,консьерж,,1
28.06.2014 12:12:51,Влад,Ильича,25,2,6,12,Кодовый замок,,,17,1
28.06.2014 12:14:20,Влад,Российская,19,1,8,8,Кодовый замок,,,,1
28.06.2014 12:16:31,Влад,Ильича,23,1,8,8,Кодовый замок,,,,1
28.06.2014 12:17:09,Александра,Симферопольская,9,5,"1х8,12,13; 2х15",63,Домофон,Vizit,кодовый замок,,1
28.06.2014 12:17:10,Влад,Ильича,21,1,8,8,Кодовый замок,,,,1
28.06.2014 12:19:53,Александра,Симферопольская,7,4,"1х14,15; 2х12",53,Домофон,"Vizit, cyfral",,2,1
28.06.2014 12:21:16,Влад,Ильича,18,2,6,12,Кодовый замок,,,10,1
28.06.2014 12:22:28,Александра,Симферопольская,5,ю,ю,ю,Консьерж ,,ДС,,1
28.06.2014 12:22:31,Влад,Новодарницкая,12,1,8,8,Кодовый замок,,,,1
28.06.2014 12:23:58,Влад,Новодарницкая,14,1,8,8,Кодовый замок,,,,1
28.06.2014 12:25:35,Александра,Ильича,8,4,4х20,80,Домофон, CYFRAL ,,,1
28.06.2014 12:25:48,Влад,Новодарницкая,16,й,й,й,Консьерж ,,заброшенный,,1
28.06.2014 12:27:58,Александра,Ильича,11,б,ю,ю,Консьерж ,,?,,1
28.06.2014 12:29:07,Влад,Новодарницкая,20,3,2х12;1х8,30,Кодовый замок,,,18,1
28.06.2014 12:29:54,Александра,Ильича,13,2,2х20,40,Домофон, CYFRAL ,,,1
28.06.2014 12:30:41,Александра,Заслонова,7,2,2х20,40,Домофон, vizit,,,1
28.06.2014 12:31:40,Влад,Ялтинская,22,2,1х11;9,20,Кодовый замок,второй подъезд домофон метаком,,,1
28.06.2014 12:33:49,Влад,Ялтинская,24,3,2х11;1х9,31,Кодовый замок,,,23,1
28.06.2014 12:34:43,Александра,Ильича,9,3,3x20,60,Домофон, CYFRAL ,,,1
28.06.2014 12:34:59,Влад,Российская,21,й,й,й,Консьерж ,,детсад,,1
28.06.2014 12:36:21,Александра,Сормовская,10,ю,ю,ю,Консьерж ,,ДС,,1
28.06.2014 12:40:54,Александра,Ялтинская,10,4,"1х12,13,14,15",54,Домофон,Метаком,,14,1
28.06.2014 12:44:20,Влад,Ильича,16,4,16,64,Домофон,визит,,9,1
28.06.2014 12:45:34,Александра,Ялтинская,12,5,"1х20; 2х10,15",70,Домофон,Eltis,,11,1
28.06.2014 12:47:12,Влад,Ильича,12,4,2х16;12,56,Кодовый замок,,,6,1
28.06.2014 12:47:40,Александра,Заслонова,9,4,4х20,80,Домофон, CYFRAL ,,,1
28.06.2014 12:48:53,Влад,Ильича,14а,й,й,й,Консьерж ,,общежитие,,1
28.06.2014 12:50:36,Александра,Заслонова,15a,ю,ю,ю,Консьерж ,,худ.шк.,,1
28.06.2014 12:50:36,Влад,Симферопольская,13а,й,й,й,Консьерж ,,офисы,,1
28.06.2014 12:51:48,Александра,Заслонова,10,ю,ю,ю,Консьерж ,,ДС,,1
28.06.2014 12:56:25,Александра,Ялтинская,14,6,1х18; 2х16; 3х20,110,Домофон,Eltis,кодовый замок,,1
28.06.2014 12:58:06,Влад,Заслонова,2,7,1х20;6х14,104,Домофон,цифрал и визит,,,1
28.06.2014 13:00:37,Александра,Новодарницкая,13,5,1х10; 4х15,70,Домофон, CYFRAL ,,18,1
28.06.2014 13:01:06,Влад,Симферопольская,11,1,186 комнат,186,Домофон,,общежитие,1,1
28.06.2014 13:03:26,Александра,Новодарницкая,11,2,2x12,24,Домофон, CYFRAL ,,,1
28.06.2014 13:04:02,Влад,Симферопольская,11,6,2х20;4х15,100,Домофон,цифрал,,,1
28.06.2014 13:07:53,Влад,Новодарницкая,3,1,40,40,Домофон,цифрал,,15,1
28.06.2014 13:08:57,Влад,Новодарницкая,5,2,6,12,Кодовый замок,,,,1
28.06.2014 13:10:38,Влад,Новодарницкая,7,2,4,8,Кодовый замок,,,,1
28.06.2014 13:14:53,Влад,Симферопольская,10,й,й,й,Консьерж ,,школа 105,,1
28.06.2014 13:25:55,Влад,Симферопольская,8,й,й,й,Консьерж ,,больница 1,,1
28.06.2014 13:30:57,Влад,Симферопольская,6,й,й,й,Консьерж ,,детсад,,1
28.06.2014 13:57:58,Влад,Симферопольская,8,4,1х20;18;19;12,68,Домофон,"цифрал и визит, елтис",,,1
28.06.2014 14:05:22,Александра,Симферопольская,14а,6,"1х34,35; 4х36",213,Домофон, CYFRAL ,,,1
28.06.2014 14:06:18,Влад,Харьковское шоссе,21,5,1х32;4х36,176,Домофон,цифрал и визит,,6,1
28.06.2014 14:07:38,Александра,Симферопольская,4,4,4х15,60,Домофон, vizit,,,1
28.06.2014 14:10:08,Влад,Харьковское шоссе,21,4,1х33;26;27;36,122,Домофон,цифрал и визит,,4,1
28.06.2014 14:11:53,Александра,Привокзальная,14,6,1х20; 5х16,100,Домофон,Eltis,кодовый замок,,1
28.06.2014 14:15:29,Влад,Харьковское шоссе,21,8,1х35;2х26;5х36,267,Домофон,"цифрал и визит, КС",,3,1
28.06.2014 14:16:44,Александра,Привокзальная,12,8,"2х16,17; 4х20",146,Домофон,"Eltis,cyfral",,,1
28.06.2014 14:17:56,Александра,Привокзальная,14,ю,ю,ю,Консьерж ,,мед.колледж,2,1
28.06.2014 14:19:22,Влад,Харьковское шоссе,21,6,1х35;3х36;2х40,223,Домофон,цифрал и визит,,1,1
28.06.2014 14:20:30,Александра,Привокзальная,12,4,4х20,80,Домофон,Eltis,,1,1
28.06.2014 14:22:03,Влад,Харьковское шоссе,21,1,127,127,Консьерж ,,,5,1
28.06.2014 14:22:50,Александра,Привокзальная,10,4,4х20,80,Домофон, CYFRAL ,,1,1
28.06.2014 14:26:25,Александра,Привокзальная,8,4,4х16,64,Домофон,"Eltis,cyfral",,1,1
28.06.2014 14:26:35,Влад,Харьковское шоссе,21,6,2х36;1х35;3х32,202,Домофон,цифрал и визит,,,1
28.06.2014 14:28:31,Александра,Привокзальная,10,4,4х20,80,Домофон, CYFRAL ,,,1
28.06.2014 14:31:08,Влад,Привокзальная,8,6,2х40;1х35;3х36,223,Домофон,визит,,,1
30.06.2014 13:37:28,Александра,Ялтинская,5а,1,1х171,171,Кодовый замок,,,,1
30.06.2014 13:37:47,Влад,Бориспольская,6,4,1х126;3х70,336,Домофон,елтис,,,1
30.06.2014 13:39:17,Влад,Бориспольская,8,й,й,й,Консьерж ,,спортклуб восток,,1
30.06.2014 13:40:13,Влад,Бориспольская,10,й,й,й,Консьерж ,,ДК,,1
30.06.2014 13:40:45,Александра,Ялтинская,5б,3,3х32,96,Домофон, CYFRAL ,,,1
30.06.2014 13:42:48,Александра,Ялтинская,9,1,1 x171,171,Кодовый замок,,,,1
30.06.2014 13:45:34,Влад,Вересневая,5,2,180,360,Домофон,визит,,,1
30.06.2014 13:47:09,Влад,Вересневая,5а,й,й,й,Консьерж ,,детсад,,1
30.06.2014 13:51:06,Влад,Вересневая,9,6,1х35;34;4х36,213,Домофон,визит и метаком,,,1
30.06.2014 13:54:26,Влад,Российская,45б,1,76,76,Домофон,цифрал,+консьержка ( только по пропуском),,1
30.06.2014 13:55:55,Влад,Российская,45,1,й,й,Консьерж ,,общежитие,,1
30.06.2014 13:57:24,Влад,Российская,45в,й,й,й,Консьерж ,,офисы,,1
30.06.2014 13:59:14,Влад,Российская,45,й,й,й,Консьерж ,,школа 160,,1
30.06.2014 14:00:41,Александра,Бориспольская,4,1,1х170,170,Домофон,Eltis,консьерж,,1
30.06.2014 14:03:35,Влад,Бориспольская,12в,4,3х60;1х48,228,Домофон,елтис,+консьержка,,1
30.06.2014 14:04:43,Александра,Сормовская,18,4,4х20,80,Домофон, CYFRAL ,,,1
30.06.2014 14:06:20,Александра,Сормовская,16,2,"1x18,20",38,Кодовый замок,,,,1
30.06.2014 14:08:17,Влад,Бориспольская,12,1,79,79,Домофон,визит,,,1
30.06.2014 14:09:30,Александра,Севастопольская,1,3,3x8,24,Кодовый замок,,,1,1
30.06.2014 14:12:31,Влад,Бориспольская,12б,3,1х50;98;49,197,Домофон,цифрал,второй подъезд консьержка,,1
30.06.2014 14:15:20,Александра,Севастопольская,5,?,?,?,Консьерж ,,общага,,1
30.06.2014 14:17:21,Влад,Волго-Донской пер,2,6,36,216,Домофон,"цифрал и визит, елтис",,,1
30.06.2014 14:19:32,Александра,Севастопольская,7,1,1х126,126,Кодовый замок,,,13,1
30.06.2014 14:20:22,Влад,Российская,47,4,2х36;34,140,Домофон,цифрал,,,1
30.06.2014 14:22:24,Александра,Заслонова,13а,4,4х16,64,Кодовый замок,,,,1
30.06.2014 14:25:27,Александра,Заслонова,6,4,"2x10,15",50,Домофон, vizit,,17,1
30.06.2014 14:26:20,Влад,Руднева,1,4,1х35;36;37;30,139,Домофон,цифрал и визит,,,1
30.06.2014 14:28:21,Александра,Заслонова,13б,1,1x180,180,Домофон, CYFRAL ,,,1
30.06.2014 14:29:20,Влад,Руднева,1а,4,36,144,Домофон,"цифрал и визит, елтис",,,1
30.06.2014 14:31:51,Влад,Волго-Донской пер,2а,3,54,162,Домофон,цифрал и КС,,,1
30.06.2014 14:32:49,Александра,Заслонова,18,ю,ю,ю,Консьерж ,,театральное училище,,1
30.06.2014 14:36:13,Александра,Заслонова,16,ю,ю,ю,Консьерж ,,админ,,1
30.06.2014 14:37:05,Александра,Севастопольская,9,ю,ю,ю,Консьерж ,,?,,1
30.06.2014 14:37:19,Влад,Волго-Донской пер,1,2,1х117;116,233,Домофон,визит,,,1
30.06.2014 14:38:43,Влад,Бориспольская,14,й,й,й,Консьерж ,,тц,,1
30.06.2014 14:39:54,Александра,Новодарницкая,15,2,"1х54,36",90,Домофон," CYFRAL, vizit",,1а,1
30.06.2014 14:40:16,Влад,Волго-Донской пер,3,й,й,й,Консьерж ,,больница,,1
30.06.2014 14:43:23,Александра,Новодарницкая,15,2,"1x54,36",90,Домофон," CYFRAL, vizit",,1,1
30.06.2014 14:46:42,Александра,Заслонова,14,ю,ю,ю,Консьерж ,,админ,,1
30.06.2014 14:48:35,Александра,Ялтинская,11,ю,ю,ю,Консьерж ,,админ,,1
30.06.2014 14:50:55,Влад,Российская,82,3,36,108,Домофон,цифрал,,,1
30.06.2014 14:51:06,Александра,Новодарницкая,15,2,2х9,18,Домофон, CYFRAL ,,,1
30.06.2014 14:52:36,Александра,Новодарницкая,17,2,2х9,18,Кодовый замок,,,,1
30.06.2014 14:54:16,Влад,Российская,82а,4,2х36;34;32,138,Домофон,цифрал,,,1
30.06.2014 14:55:04,Александра,Новодарницкая,13,ю,ю,ю,Консьерж ,,шк 127,,1
30.06.2014 14:55:07,Влад,Волго-Донской пер,5,й,й,й,Консьерж ,,общежитие,,1
30.06.2014 14:56:24,Влад,Волго-Донской пер,5,2,1х40;42,82,Домофон,цифрал,,2,1
30.06.2014 14:57:21,Влад,Волго-Донская,75,1,108,108,Домофон,цифрал,,,1
30.06.2014 14:57:44,Александра,Севастопольская,12,3,1х7; 2х9,25,Кодовый замок,,,22,1
30.06.2014 14:58:28,Влад,Волго-Донская,77,й,й,й,Консьерж ,,детсад,,1
30.06.2014 15:00:48,Александра,Севастопольская,14,ю,ю,ю,Консьерж ,,?,,1
30.06.2014 15:02:31,Александра,Севастопольская,16,3,1х7; 2х9,25,Кодовый замок,,,27,1
30.06.2014 15:06:18,Александра,Российская,42,3,1x18; 2х20,58,Домофон, CYFRAL ,,15,1
30.06.2014 15:07:36,Влад,Российская,84,3,2х36;1х35,107,Домофон,цифрал,,,1
30.06.2014 15:09:15,Александра,Севастопольская,18,2,2х19,38,Домофон,Метаком,,,1
30.06.2014 15:13:12,Александра,Руднева,49,5,5х36,180,Домофон, CYFRAL ,,20,1
30.06.2014 15:18:15,Александра,Ялтинская,15,3,1х56; 2х79,214,Домофон,Метаком,консьерж,,1
30.06.2014 15:20:01,Влад,Тростянецкая,121,3,2х36;1х35,107,Домофон,цифрал,,,1
30.06.2014 15:21:51,Александра,Российская,44,2,2х64,128,Домофон, CYFRAL ,консьерж,,1
30.06.2014 15:24:09,Влад,Волго-Донской пер,17,3,54,162,Домофон,цифрал,,,1
30.06.2014 15:26:07,Александра,Славгородская,3,2,"1х53,56",108,Домофон, CYFRAL ,,5,1
30.06.2014 15:28:02,Влад,Волго-Донской пер,11,1,8,8,Кодовый замок,,,80,1
30.06.2014 15:28:36,Влад,Волго-Донской пер,13,1,8,8,Кодовый замок,,,,1
30.06.2014 15:29:24,Влад,Волго-Донской пер,15,1,8,8,Кодовый замок,,,117,1
30.06.2014 15:29:43,Александра,Тростянецкая,51,4,1х53; 3х36,143,Домофон, CYFRAL ,,,1
30.06.2014 15:30:15,Александра,Тростянецкая,51,4,1х53; 3х36,143,Домофон, CYFRAL ,,,1
30.06.2014 15:31:57,Влад,Волго-Донской пер,12,1,й,й,Консьерж ,,отель,,1
30.06.2014 15:32:48,Александра,Тростянецкая,53,4,"1х53,37; 2х36",144,Домофон, CYFRAL ,,,1
30.06.2014 15:33:06,Влад,Волго-Донской пер,14,2,8,16,Кодовый замок,,,115,1
30.06.2014 15:34:14,Влад,Тростянецкая,113,2,8,16,Кодовый замок,,,,1
30.06.2014 15:34:44,Влад,Тростянецкая,113,2,8,16,Кодовый замок,,,,1
30.06.2014 15:35:20,Александра,Севастопольская,24,3,"1х35,36,37",107,Домофон, CYFRAL ,,,1
30.06.2014 15:36:10,Влад,Тростянецкая,111,2,8,16,Кодовый замок,,,,1
30.06.2014 15:38:32,Александра,Севастопольская,22,3,1x35; 2x36,107,Домофон, CYFRAL ,,,1
30.06.2014 15:40:08,Александра,Волго-Донская,63,ю,ю,ю,Консьерж ,,ДС,,1
30.06.2014 15:43:26,Александра,Севастопольская,19,2,2х128,256,Домофон, CYFRAL ,консьерж,,1
30.06.2014 15:46:52,Влад,Тростянецкая,109,2,8,16,Кодовый замок,,,,1
30.06.2014 15:48:10,Александра,Санаторная,18,2,"1х126, 128",254,Домофон, CYFRAL ,консьерж,,1
30.06.2014 15:52:05,Александра,Тростянецкая,19,ю,ю,ю,Консьерж ,,шк  291,,1
30.06.2014 15:56:23,Влад,Тростянецкая,107,й,.й,й,Консьерж ,,по идее офисы,11,1
30.06.2014 15:58:13,Александра,Руднева,61,ю,ю,ю,Консьерж ,,ДС,,1
30.06.2014 15:59:34,Влад,Руднева,9,й,й,й,Консьерж ,,"все загаражено, ниче не написано",70,1
30.06.2014 16:00:58,Влад,Волго-Донская,72,2,1х6;8,14,Кодовый замок,,,,1
30.06.2014 16:03:36,Влад,Волго-Донская,74,й,й,й,Консьерж ,,админ,,1
30.06.2014 16:03:58,Александра,Российская,50,4,"1x18,110; 2х20",168,Домофон,Eltis,,,1
30.06.2014 16:04:47,Влад,Волго-Донская,76,2,8,16,Кодовый замок,,,,1
30.06.2014 16:05:34,Александра,Российская,52,4,"2x15,18",66,Домофон,"cyfral,eltis",,16,1
30.06.2014 16:06:07,Влад,Волго-Донской пер,78,й,й,й,Консьерж ,,админ,10,1
30.06.2014 16:06:42,Александра,Российская,48,ю,ю,ю,Консьерж ,,?,ю ,1
30.06.2014 16:08:20,Влад,Волго-Донская,71,2,6,12,Кодовый замок,,,8,1
30.06.2014 16:11:16,Влад,Волго-Донской пер,6,2,7,14,Кодовый замок,,,,1
30.06.2014 16:12:12,Влад,Российская,76,2,7,14,Кодовый замок,,,4,1
30.06.2014 16:13:42,Влад,Российская,74б,1,8,8,Кодовый замок,,,,1
30.06.2014 16:14:29,Влад,Волго-Донская,69,1,8,8,Кодовый замок,,,,1
30.06.2014 16:15:37,Влад,Российская,74,3,8,24,Кодовый замок,,,,1
30.06.2014 16:19:52,Влад,Российская,72,2,7,14,Кодовый замок,,,3,1
30.06.2014 16:20:49,Влад,Руднева пер,5,2,7,14,Кодовый замок,,,,1
30.06.2014 16:21:44,Влад,Российская,74а,1,8,8,Кодовый замок,,,,1
30.06.2014 16:22:29,Влад,Волго-Донская,67,1,8,8,Кодовый замок,,,,1
30.06.2014 16:23:21,Влад,Волго-Донская,65,2,6,12,Кодовый замок,,,7,1
30.06.2014 16:28:17,Влад,Российская,70,й,й,й,Консьерж ,,общежитие,,1
30.06.2014 16:29:15,Влад,Волго-Донская,68,1,12,12,Домофон,визит,,10,1
30.06.2014 16:29:56,Александра,Российская,31,1,1х169,169,Домофон,Eltis,,,1
30.06.2014 16:31:07,Александра,Севастопольская,15,3,3x12,36,Домофон, CYFRAL ,кодовый замок,29,1
30.06.2014 16:31:44,Влад,Руднева пер,16,2,1х11;9,20,Кодовый замок,,,,1
30.06.2014 16:32:31,Александра,Севастопольская,11,3,1х9; 2х12,33,Домофон,кс,,24,1
30.06.2014 16:33:41,Александра,Российская,33,4,4х16,64,Домофон," CYFRAL,метаком",,14,1
30.06.2014 16:33:52,Влад,Тростянецкая,105,1,12,12,Кодовый замок,,,,1
30.06.2014 16:34:32,Александра,Российская,31б,1,1х171,171,Домофон, vizit,,,1
30.06.2014 16:35:38,Влад,Тростянецкая,103,1,8,8,Домофон,визит,,,1
30.06.2014 16:36:03,Александра,Севастопольская,13,3,1х11; 2х12,35,Домофон, vizit,кодовый замок,,1
30.06.2014 16:37:31,Влад,Волго-Донская,66,2,1х51;54,105,Домофон,цифрал,,,1
30.06.2014 16:37:59,Александра,Санаторная,12,4,"2х15,18",66,Домофон," CYFRAL, vizit",,,1
30.06.2014 16:38:36,Влад,Волго-Донская,64,1,8,8,Кодовый замок,,,,1
30.06.2014 16:39:20,Александра,Новодарницкая,26,ю,ю,ю,Консьерж ,,ДС,,1
30.06.2014 16:40:09,Влад,Волго-Донская,62,1,12,12,Домофон,визит,,,1
30.06.2014 16:40:47,Александра,Санаторная,12,ю,ю,ю,Консьерж ,,гимназия,1,1
30.06.2014 16:42:19,Александра,Новодарницкая,28,5,"1х10,13,12; 2х15",65,Домофон, vizit,кодовый замок,,1
30.06.2014 16:44:29,Влад,Вересневая,17,1,108,108,Домофон,цифрал,,,1
30.06.2014 16:46:27,Александра,Новодарницкая,28,5,"1х10,13,12; 2х15",65,Домофон, vizit,кодовый замок,,1
30.06.2014 16:47:12,Александра,Санаторная,9,2,2х20,40,Домофон, vizit,,,1
30.06.2014 16:49:48,Александра,Санаторная,11,3,"1х18,19,20",56,Домофон, vizit,,,1
30.06.2014 16:50:30,Влад,Вересневая,26,3,1х32;37;34,103,Домофон,"цифрал и метаком, визит",,28,1
30.06.2014 16:53:04,Александра,Российская,35,3,"1x16,20,22",58,Домофон, CYFRAL ,,13,1
30.06.2014 16:54:32,Влад,Тростянецкая,97,4,36,144,Домофон,цифрал,,,1
30.06.2014 16:54:58,Александра,Российская,37a,m,m,m,Консьерж ,,магаз,,1
30.06.2014 16:56:35,Влад,Санаторная,27,1,127,127,Домофон,цифрал,,,1
30.06.2014 16:57:26,Александра,Российская,39,4,"1х15,16; 2х14",59,Домофон,"Метаком,vizit",,14,1
30.06.2014 16:58:33,Александра,Вересневая,14,2,2x16,32,Домофон, vizit,,,1
30.06.2014 16:59:32,Влад,Волго-Донская,58,6,36,216,Домофон,цифрал,,25,1
30.06.2014 17:00:30,Влад,Вересневая,24,й,й,й,Консьерж ,,тц,,1
30.06.2014 17:00:54,Александра,Вересневая,12,4,"2х15,20",70,Домофон, CYFRAL ,кодовый замок,,1
30.06.2014 17:02:57,Александра,Новодарницкая,32,4,1х18; 3х20,78,Домофон, CYFRAL ,,10,1
30.06.2014 17:03:36,Влад,Вересневая,24а,3,2х36;1х35,107,Домофон,цифрал и КС,,,1
30.06.2014 17:05:53,Влад,Руднева,48,2,1х32;35,67,Домофон,цифрал,,,1
30.06.2014 17:06:08,Александра,Вересневая,12а,3,1х36; 2х33,102,Домофон, CYFRAL ,,,1
30.06.2014 17:07:07,Влад,Санаторная,23,3,36,108,Домофон,цифрал,,,1
30.06.2014 17:09:30,Александра,Российская,37,3,"1х40,45,50",135,Домофон, vizit,,,1
30.06.2014 17:10:43,Влад,Российская,58а,3,2х36;1х35,107,Домофон,метаком и КС,,,1
30.06.2014 17:11:59,Александра,Новодарницкая,9а,ю,ю,ю,Консьерж ,,ДС,,1
30.06.2014 17:13:53,Влад,Вересневая,18,4,36,144,Домофон,"цифрал и визит, елтис",,20,1
30.06.2014 17:14:30,Александра,Новодарницкая,30,4,1х18; 3х20,78,Домофон," CYFRAL, vizit",,,1
30.06.2014 17:16:29,Влад,Российская,64,1,8,8,Кодовый замок,,,16,1
30.06.2014 17:18:31,Александра,Новодарницкая,27,5,"1х32,34; 3х36",174,Домофон," CYFRAL, vizit",,,1
30.06.2014 17:19:14,Влад,Российская,62,1,8,8,Кодовый замок,,,,1
30.06.2014 17:20:16,Влад,Российская,60,2,8,16,Кодовый замок,,,,1
30.06.2014 17:20:45,Александра,Вересневая,4,4," 2х15,18",66,Домофон, CYFRAL ,,,1
30.06.2014 17:21:21,Влад,Российская,58,2@,8,16,Кодовый замок,,,,1
30.06.2014 17:22:19,Влад,Российская,56,1,8,8,Кодовый замок,,,,1
30.06.2014 17:22:52,Александра,Заслонова,24,1,1х53,53,Домофон, CYFRAL ,,2,1
30.06.2014 17:25:06,Влад,Санаторная,15,1,й,й,Консьерж ,,мед центр,54,1
30.06.2014 17:25:14,Влад,Санаторная,15,1,й,й,Консьерж ,,мед центр,54,1
30.06.2014 17:25:28,Александра,Заслонова,22,4,"2x12,16",56,Домофон, CYFRAL ,,,1
30.06.2014 17:29:46,Влад,Российская,64,1,146,146,Домофон,метаком,+консьержка,,1
30.06.2014 17:38:09,Александра,Заслонова,20,3,1х20; 2х18,56,Домофон, vizit,кодовый замок,,1
30.06.2014 17:39:35,Александра,Санаторная,5,4,4х20,80,Домофон, vizit,,,1
30.06.2014 17:40:47,Александра,Новодарницкая,23,4,4х20,80,Домофон, vizit,,7,1
30.06.2014 17:42:15,Александра,Новодарницкая,25,m,m,m,Консьерж ,,ДС,,1
02.07.2014 15:09:53,Александра,Полесская,4a,2,2x64,128,Домофон, CYFRAL ,,,1
03.07.2014 15:09:53,Александра,Бориспольская,38,4,4x11,44,Кодовый замок,,,,1
04.07.2014 15:09:53,Александра,Бориспольская,36,4,"2x10,9",38,Кодовый замок,,,,1
05.07.2014 15:09:53,Александра,Бориспольская,34,4,"2x63,64",254,Домофон," vizit,kc",кодовый замок,,1
06.07.2014 15:09:53,Александра,Бориспольская,30,4,4х8,32,Кодовый замок,,,,1
07.07.2014 15:09:53,Александра,Бориспольская,32,ю,ю,ю,Консьерж ,,?,,1
08.07.2014 15:09:53,Александра,Бориспольская,30а,ю,ю,ю,Консьерж ,,админ,,1
09.07.2014 15:09:53,Александра,Бориспольская,28,ю,ю,ю,Консьерж ,,ДС,1,1
10.07.2014 15:09:53,Александра,Бориспольская,32в,1,1х84,84,Кодовый замок,,,,1
11.07.2014 15:09:53,Александра,Бориспольская,32б,1,1х84,84,Домофон,кс,,,1
12.07.2014 15:09:53,Александра,Бориспольская,32а,1,1х84,84,Домофон, CYFRAL ,,,1
13.07.2014 15:09:53,Александра,Бориспольская,28,6,"5x15, 1x14",89,Домофон, CYFRAL ,,,1
14.07.2014 15:09:53,Александра,Бориспольская,28в,1,1х84,84,Домофон, CYFRAL ,,,1
15.07.2014 15:09:53,Александра,Бориспольская,28б,1,1х84,84,Домофон, CYFRAL ,,,1
16.07.2014 15:09:53,Александра,Бориспольская,26a,1,1x178,178,Консьерж ,,,,1
17.07.2014 15:09:53,Александра,Бориспольская,26ж,1,1x75,75,Домофон, vizit,консьерж,,1
18.07.2014 15:09:53,Александра,Бориспольская,26в,3,"1x36,66,92",195,Домофон,кс,,,1
19.07.2014 15:09:53,Александра,Бориспольская,26в,3,"1x36,66,92",195,Домофон,кс,,,1
20.07.2014 15:09:53,Александра,Бориспольская,26,3,"2х40,1х38",118,Домофон, CYFRAL ,,,1
02.07.2014 16:07:33,Александра,Бориспольская,26к,1,1х48,48,Консьерж ,,,,1
02.07.2014 16:22:59,Александра,Бориспольская,28а,4,"2х35,36",142,Домофон, CYFRAL ,кодовый замок,,1
02.07.2014 16:35:18,Влад,Полесская,4,2,64,128,Домофон,цифрал,,,1
02.07.2014 16:37:28,Влад,Полесская,6,2,2х6,12,Кодовый замок,,,,1
02.07.2014 16:39:11,Влад,Полесская,8,1,1х8,8,Кодовый замок,,,,1
02.07.2014 16:40:12,Влад,Полесская,10,2,"1х35,36",71,Домофон,Eltis ,,,1
02.07.2014 16:41:49,Влад,Полесская,1,2,2x16,32,Домофон, CYFRAL ,,,1
02.07.2014 16:43:24,Влад,Полесская,15a,3,"1x52,63,64",179,Домофон, vizit,консьерж,,1
02.07.2014 16:44:39,Влад,Полесская,12,4,"1х12,13,16,19",60,Кодовый замок,,,,1
02.07.2014 16:46:27,Влад,Полесская,14,6,"1х20, 2х15,3х12",86,Домофон, CYFRAL ,кодовый замок,,1
02.07.2014 16:48:34,Влад,Полесская,16,4,"1х14,20; 2х15",64,Домофон, CYFRAL ,кодовый замок,,1
02.07.2014 16:49:50,Влад,Полесская,1,6,"2х15,4х10",70,Кодовый замок,,,,1
02.07.2014 16:50:57,Влад,Полесская,3,2,"1x36,32",68,Домофон, CYFRAL ,,,1
02.07.2014 16:51:56,Влад,Полесская,28,1,104,104,Домофон,кс,,,1
02.07.2014 16:53:35,Влад,Полесская,18,4,"2х20,15",70,Домофон,кс,,,1
02.07.2014 16:54:35,Влад,Полесская,5,ю,ю,ю,Кодовый замок,,ДС,1,1
02.07.2014 16:56:00,Влад,Полесская,28б,1,165,165,Домофон, vizit,консьерж,,1
02.07.2014 16:58:09,Влад,Полесская,20,3,2х60,120,Домофон,"кс  , cyfral ",,,1
02.07.2014 17:00:47,Влад,Полесская,24,6,"4x10,2х15",70,Кодовый замок,,5под КС,,1
02.07.2014 17:02:05,Влад,Полесская,22,3,"2х64, 1х8",136,Домофон, CYFRAL ,кодовый замок,,1
02.07.2014 17:03:36,Влад,Полесская,26,1,108,108,Домофон,кс,,,1
02.07.2014 17:08:33,Влад,Полесский пер,7,4,"2х20,18",76,Домофон, CYFRAL ,кодовый замок,1,1
02.07.2014 17:09:41,Влад,Полесский пер,7,2,2х16,32,Домофон, CYFRAL ,кодовый замок,,1
02.07.2014 17:10:29,Влад,Полесский пер,5,2,2х16,32,Кодовый замок,,,,1
02.07.2014 17:11:42,Влад,Полесский пер,3,2,2х16,32,Кодовый замок,,,,1
02.07.2014 17:12:33,Влад,Полесский пер,9,ю,ю,ю,Консьерж ,,шк 217,,1
02.07.2014 17:13:52,Влад,Полесский пер,15,2,2х6,12,Кодовый замок,,,,1
02.07.2014 17:14:56,Влад,Полесская,11,ю,ю,ю,Консьерж ,,общага ,,1
02.07.2014 17:17:45,Александра,Бориспольская,19,1,ю,ю,Консьерж ,,"нигде ничего нет, комендант и охраны отказались категорически помогать",,1
02.07.2014 17:24:09,Александра,Бориспольская,21,2,2х4,8,Кодовый замок,,,,1
02.07.2014 17:27:23,Александра,Бориспольская,27,1,24,24,Кодовый замок,,,,1
02.07.2014 17:28:24,Влад,Бориспольская,25,1,24,24,Кодовый замок,,,,1
02.07.2014 17:33:40,Александра,Бориспольская,41,1,35,35,Домофон,кс,,,1
02.07.2014 17:35:02,Александра,Бориспольская,39,1,59,59,Кодовый замок,,,,1
02.07.2014 17:36:20,Влад,Бориспольская,39а,1,32,32,Домофон,кс,,,1
02.07.2014 17:37:54,Влад,Бориспольская,37,3,3х40,120,Домофон,"кс  , cyfral ",кодовый замок,,1
02.07.2014 17:40:26,Влад,Бориспольская,47,1,96,96,Домофон,кс,,,1
02.07.2014 17:41:30,Александра,Бориспольская,35,2,2х4,8,Кодовый замок,,,,1
02.07.2014 17:42:36,Влад,Бориспольская,45,3,3х12,36,Кодовый замок,,,,1
02.07.2014 17:46:30,Александра,Бориспольская,43,4,"1х12,14,18,20",64,Кодовый замок,,,,1
02.07.2014 17:54:02,Влад,Бориспольская,49,4,"1х40,42,70,55",207,Домофон,"кс  , cyfral ",,,1
03.07.2014 0:37:30,Влад,Бориспольская,49,4,"1х40,42,70,55",207,Домофон,"кс  , cyfral ",,,1
04.07.2014 16:10:04,Александра,Тростянецкая,5а,3,3х50,150,Домофон, CYFRAL ,,,1
04.07.2014 16:35:43,Александра,Тростянецкая,5б,2,2x118,236,Домофон,кс,,,1
04.07.2014 16:42:28,Александра,Тростянецкая,5,7,"3х40; 1х38,28; 2х39",264,Домофон," CYFRAL, vizit",,,1
04.07.2014 16:47:17,Александра,Тростянецкая,3а,ю,ю,ю,Консьерж ,,ДС,,1
04.07.2014 16:59:15,Александра,Тростянецкая,3,16,6х39; 7х40; 2х38; 1х30,620,Домофон," CYFRAL,метаком",,,1
04.07.2014 17:04:14,Александра,Ревуцкого,19,5,5х111,555,Домофон, CYFRAL ,консьерж,1,1
04.07.2014 17:05:32,Александра,Ревуцкого,19a,ю,ю,ю,Консьерж ,,ДС,,1
04.07.2014 17:07:48,Александра,Ревуцкого,17,2,2х111,222,Домофон, CYFRAL ,консьерж,,1
04.07.2014 17:14:35,Александра,Ревуцкого,17б,6,4х49; 2х50,296,Домофон, vizit,,,1
04.07.2014 17:16:12,Александра,Ревуцкого,13а,ю,ю,ю,Консьерж ,,гимназия290,,1
04.07.2014 17:18:12,Александра,Ревуцкого,15,ю,ю,ю,Консьерж ,,?,,1
04.07.2014 17:20:17,Александра,Ревуцкого,13,6,?,?,Домофон, CYFRAL ,,,1
04.07.2014 17:26:08,Александра,Ревуцкого,9,ю,ю,ю,Консьерж ,,стройка,,1
04.07.2014 17:33:28,Александра,Ревуцкого,7,6,"2х75,52; 1х44,85",383,Домофон," CYFRAL,метаком,visit",консьерж,,1
04.07.2014 17:36:43,Александра,Ревуцкого,7а,4,ю,297,Домофон, CYFRAL ,консьерж,,1
04.07.2014 17:38:25,Александра,Ревуцкого,7б,ю,ю,ю,Консьерж ,,ДС,,1
04.07.2014 17:53:36,Александра,Харьковское шоссе,58б,4,"2х47,1х48,79",221,Домофон, vizit, консьерж,,1
04.07.2014 17:58:23,Александра,Харьковское шоссе,58а,4,"2х50; 1х69,51",220,Домофон, vizit, консьерж,,1
04.07.2014 18:08:35,Александра,Ревуцкого,5,5,"1х109,69,96,86,90",450,Домофон, vizit, консьерж,,1
04.07.2014 18:11:10,Александра,Ревуцкого,5а,ю,ю ,ю,Консьерж ,,кафе,,1
04.07.2014 19:40:24,Александра,Тростянецкая,7г,ю,ю,ю,Консьерж ,,шк 284,,1
04.07.2014 19:41:11,Александра,Ревуцкого,19,ю,ю,ю,Консьерж ,,?,1,1
04.07.2014 19:44:59,Александра,Харьковское шоссе,56,11,8х64; 2х80; 1х68,740,Консьерж ,,,,1
04.07.2014 19:54:53,Александра,Харьковское шоссе,58,3,"1х33,100,135",268,Домофон, CYFRAL ,,,1
04.07.2014 19:56:54,Александра,Харьковское шоссе,60,3,"1х35,36,83",154,Домофон," CYFRAL,метаком",,,1
04.07.2014 19:59:15,Александра,Горловская,38,2,2х117,234,Домофон, CYFRAL ,,40,1
04.07.2014 20:02:51,Александра,Харьковское шоссе,146,10,"4х48,64; 2x72",592,Домофон,"Eltis,cyfral",,,1
04.07.2014 20:03:52,Александра,Харьковское шоссе,62,3,"1х35,36,83",154,Домофон,Метаком,,,1
04.07.2014 20:05:13,Александра,Харьковское шоссе,"144а,б,в",ю,ю,ю,Консьерж ,,тц,,1
04.07.2014 20:08:56,Александра,Харьковское шоссе,148,8,4х64; 3х48; 1х70,470,Домофон," CYFRAL,кс",,,1
04.07.2014 20:11:29,Александра,Харьковское шоссе,148б,ю,ю,ю,Консьерж ,,?,,1
04.07.2014 20:12:09,Александра,Тростянецкая,75,ю,ю,ю,Консьерж ,,ДС,,1
04.07.2014 20:13:46,Александра,Харьковское шоссе,148а,ю,ю,ю ,Консьерж ,,админ,,1
04.07.2014 20:14:55,Александра,Тростянецкая,7в,2,2х118,236,Кодовый замок,, консьерж,,1
04.07.2014 20:16:53,Александра,Тростянецкая,7,7,4х40;2х38;1х28,264,Домофон," CYFRAL,метаком,visit",,,1
04.07.2014 20:17:43,Александра,Тростянецкая,7a,3,3х50,150,Домофон, CYFRAL ,,,1
05.07.2014 8:41:16,Влад,Тростянецкая,6,12,6х40;3х39;2х38;1х30,462,Домофон,"цифрал, метаком",,,1
05.07.2014 8:41:53,Влад,Тростянецкая,6г,й,й,й,Консьерж ,,админ,,1
05.07.2014 8:42:52,Влад,Тростянецкая,6б,2,64,128,Домофон,"цифрал, визит",+консьерж,,1
05.07.2014 8:43:49,Влад,Тростянецкая,6а,2,64,128,Домофон,КС,1ый подъезд консьержка,,1
05.07.2014 8:44:42,Влад,Тростянецкая,8,7,"5х40;1х39,29",268,Домофон,"КС,цифрал",,,1
05.07.2014 8:45:13,Влад,Тростянецкая,8а,й,й,й,Консьерж ,,Детсад,,1
05.07.2014 8:45:50,Влад,Тростянецкая,8в,3,3х36,108,Домофон,"цифрал, визит",,,1
05.07.2014 8:46:50,Влад,Тростянецкая,8б,10,"8х40;1х39,29",388,Домофон,"цифрал, визит",,,1
05.07.2014 8:47:28,Влад,Тростянецкая,8г,й,й,й,Консьерж ,,детсад,,1
05.07.2014 8:48:00,Влад,Тростянецкая,8д,й,й,й,Консьерж ,,больница,,1
05.07.2014 8:49:08,Влад,Тростянецкая,6д,2,64,128,Домофон,КС,2-ой подъезд консьержка,,1
05.07.2014 8:49:51,Влад,Тростянецкая,6е,2,64,128,Домофон,цифрал,,,1
05.07.2014 8:52:36,Влад,Тростянецкая,6ж,12,5х40;4х39;2х38;1х30,462,Домофон,цифрал,5-ый под консьержка,,1
05.07.2014 8:53:02,Влад,Харьковское шоссе,168ж,й,й,й,Консьерж ,,тц,,1
05.07.2014 8:53:39,Влад,Тростянецкая,168и,й,й,й,Консьерж ,,школа 274,,1
05.07.2014 8:54:14,Влад,Тростянецкая,168к,й,й,й,Консьерж ,,админ,,1
05.07.2014 8:55:02,Влад,Харьковское шоссе,168е,12,5х40;4х39;2х38;1х30,462,Домофон,цифрал,,,1
05.07.2014 8:55:50,Влад,Харьковское шоссе,168г,2,64,128,Домофон,"визит, метаком",,,1
05.07.2014 8:57:35,Влад,Харьковское шоссе,168д,2,64,128,Домофон,метаком,,,1
05.07.2014 8:58:46,Влад,Харьковское шоссе,174б,8,6х36;2х35,286,Домофон,цифрал,,,1
05.07.2014 8:59:33,Влад,Харьковское шоссе,168б,4,3х40;1х39,159,Домофон,"цифрал, метаком",,,1
05.07.2014 9:00:25,Влад,Харьковское шоссе,168а,6,4х40;2х39,238,Домофон,"цифрал, метаком",,,1
05.07.2014 9:01:05,Влад,Харьковское шоссе,170а,1,117,117,Домофон,метаком,,,1
05.07.2014 9:01:38,Влад,Харьковское шоссе,170б,1,117,117,Домофон,КС,,,1
05.07.2014 9:02:35,Влад,Харьковское шоссе,172а,4,64,256,Домофон,"цифрал, метаком, визит",,,1
05.07.2014 9:03:05,Влад,Харьковское шоссе,172б,й,й,й,Консьерж ,,тц,,1
05.07.2014 9:04:16,Влад,Харьковское шоссе,170,6,"1х48,70,52,80,56,52",358,Домофон,"цифрал, метаком",,,1
05.07.2014 9:04:51,Влад,Харьковское шоссе,137,й,й,й,Консьерж ,,админ,,1
05.07.2014 9:05:20,Влад,Харьковское шоссе,160,й,й,й,Консьерж ,,тц,,1
05.07.2014 9:05:53,Влад,Харьковское шоссе,164,й,й,й,Консьерж ,,тц,,1
05.07.2014 9:06:27,Влад,Харьковское шоссе,166,4,4х48,192,Домофон,"цифрал, метаком",,,1
05.07.2014 9:07:42,Влад,Харьковское шоссе,160а,4,64,256,Домофон,"цифрал, метаком","1,3 подъезд консьерж",,1
05.07.2014 9:26:14,Влад,Харьковское шоссе,158,6,"1х48,70,52,80,56,52",358,Домофон,"цифрал, метаком, КС","2,4,6 подъезд консьерж",,1
05.07.2014 9:26:41,Влад,Харьковское шоссе,156,й,й,й,Консьерж ,,тц,,1
05.07.2014 9:27:13,Влад,Харьковское шоссе,158а,1,117,117,Домофон,КС,,,1
05.07.2014 9:27:44,Влад,Харьковское шоссе,158б,1,116,116,Домофон,цифрал,,,1
05.07.2014 9:28:19,Влад,Харьковское шоссе,154,4,48,192,Домофон,КС,,,1
05.07.2014 9:29:15,Влад,Харьковское шоссе,154а,4,64,256,Домофон,"метаком, КС",4-ый под консьерж,,1
05.07.2014 9:31:41,Влад,Харьковское шоссе,"152,152,152/2",6,"1х76,92,86,176,85,95",610,Домофон,цифрал,"везде консьержи, это три разных дома, но нумерация квартир и подъездов идет вместе на 3 дома, по этому так и записал",,1
05.07.2014 9:32:50,Влад,Горловская,"124,124/1,124/2,124/3,124/4",й,й,й,Консьерж ,,это все общежития ,,1
05.07.2014 9:33:41,Влад,Вербицкого,3б,й,й,й,Консьерж ,,поликлиника,,1
05.07.2014 9:33:56,Влад,Вербицкого,5,й,й,й,Консьерж ,,больница,,1
05.07.2014 9:34:33,Влад,Вербицкого,7а,й,й,й,Консьерж ,,гимназия 267,,1
05.07.2014 9:36:25,Влад,Вербицкого,7,й,й,й,Консьерж ,,школа 261,,1
05.07.2014 9:36:43,Влад,Вербицкого,9в,й,й,й,Консьерж ,,детсад,,1
05.07.2014 9:37:10,Влад,Вербицкого,9и,й,й,й,Консьерж ,,библиотека,,1
05.07.2014 9:37:45,Влад,Вербицкого,9ж,2,64,128,Консьерж ,,,,1
05.07.2014 9:38:08,Влад,Вербицкого,9е,2,64,128,Домофон,"цифрал, метаком",,,1
05.07.2014 9:38:58,Влад,Вербицкого,9д,2,64,128,Домофон,метаком,1ый подъезд консьержка,,1
05.07.2014 9:39:26,Влад,Вербицкого,9г,2,64,128,Домофон,цифрал,,,1
05.07.2014 9:39:53,Влад,Вербицкого,9,й,й,й,Консьерж ,,частное,,1
05.07.2014 9:40:23,Влад,Вербицкого,11а,1,108,108,Домофон,метаком,,,1
06.07.2014 1:55:51,Александра,Декабристов,8,3,"1х50,70,80",200,Домофон,Метаком,,,1
06.07.2014 1:57:17,Александра,Декабристов,6,6,1х41; 3х40; 2х39,239,Домофон, CYFRAL ,,,1
06.07.2014 1:59:34,Александра,Декабристов,6в,2,2х64,128,Домофон, CYFRAL ,кодовый замок,,1
06.07.2014 2:00:36,Александра,Декабристов,6а,ю,ю,ю,Консьерж ,,ДС,,1
06.07.2014 2:01:43,Александра,Вербицкого,"16,18,20",ю,ю,ю,Консьерж ,,тц,,1
06.07.2014 2:02:56,Александра,Вербицкого,14,2,2х64,128,Домофон, CYFRAL ,,,1
06.07.2014 2:04:15,Александра,Вербицкого,14a,2,2x64,128,Домофон,"кс  , cyfral ",начали в 13,,1
06.07.2014 2:05:11,Александра,Вербицкого,12,5,5х45,225,Домофон, vizit,,,1
06.07.2014 2:06:05,Александра,Вербицкого,10,2,2x96,192,Консьерж ,,,,1
06.07.2014 2:07:07,Александра,Вербицкого,8,5,5x45,225,Домофон, vizit,,,1
06.07.2014 2:07:53,Александра,Вербицкого,6,2,2x96,192,Консьерж ,,,,1
06.07.2014 2:08:51,Александра,Вербицкого,4,5,"3x45; 1x42,43",220,Домофон," CYFRAL,метаком",,,1
06.07.2014 2:09:34,Александра,Вербицкого,8б,ю,ю,ю,Консьерж ,,ДС,,1
06.07.2014 2:10:29,Александра,Тростянецкая,2,4,4х36,144,Домофон,"Vizit, cyfral",,,1
06.07.2014 2:11:09,Александра,Тростянецкая,4,m,m,m,Консьерж ,,тц,2,1
06.07.2014 2:12:00,Александра,Ревуцкого,21,1,111,111,Домофон, vizit, консьерж,,1
06.07.2014 2:12:42,Александра,Вербицкого,4а,3,3х40,120,Домофон, CYFRAL ,,,1
06.07.2014 2:13:22,Александра,Ревуцкого,23,1,111,111,Домофон, vizit, консьерж,,1
06.07.2014 2:14:39,Александра,Вербицкого,4б,ю,ю,ю,Консьерж ,,дом дет. творчества,,1
06.07.2014 2:16:03,Александра,Вербицкого,6а,6,2х39; 3х40; 1х41,239,Домофон, CYFRAL ,,,1
06.07.2014 2:18:34,Александра,Ревуцкого,"25,27,29,35",7,"4x36; 1x33,60,16",252,Домофон," CYFRAL,метаком,visit,кс",,,1
06.07.2014 2:19:44,Александра,Вербицкого,8а,5,"3х40; 1х30,39",189,Домофон," CYFRAL,метаком",,,1
06.07.2014 2:20:50,Александра,Вербицкого,10a,6,2х39; 3х40; 1х41,239,Домофон, CYFRAL ,,,1
06.07.2014 2:21:57,Александра,Вербицкого,14б,6,2х39; 3х40; 1х41,239,Домофон, CYFRAL ,,,1
06.07.2014 2:22:49,Александра,Вербицкого,14г,ю,ю,ю,Консьерж ,,шк 266,,1
06.07.2014 2:23:48,Александра,Декабристов,10,2,"1х69,50",119,Домофон,Метаком,,,1
06.07.2014 2:24:38,Александра,Вербицкого,14в,3,"1х30,40,49",119,Домофон, CYFRAL ,,,1
06.07.2014 2:25:51,Александра,Декабристов,12,5,"1x20,144,145; 2x94",497,Домофон,кс, консьерж,37,1
06.07.2014 2:26:44,Александра,Декабристов,10а,2,"1х70,80",150,Домофон, CYFRAL ,,,1
06.07.2014 2:27:19,Александра,Декабристов,8a,m,m,m,Консьерж ,,шк 302,,1
06.07.2014 2:28:00,Александра,Ревуцкого,"33,31",ю,ю,ю,Консьерж ,,тц,,1
06.07.2014 2:28:43,Александра,Ревуцкого,29а,1,111,111,Домофон, CYFRAL , консьерж,,1
06.07.2014 2:29:24,Александра,Ревуцкого,29б,1,111,111,Домофон,Eltis,,,1
06.07.2014 2:30:10,Александра,Декабристов,"7,3",m,m,m,Консьерж ,,тц,,1
06.07.2014 2:30:58,Александра,Декабристов,5а,1,111,111,Домофон, CYFRAL ,,,1
06.07.2014 2:32:29,Александра,Декабристов,5,8,"4x36; 2x33;  1х35,28",273,Домофон, CYFRAL ,,,1
06.07.2014 2:33:23,Александра,Декабристов,5б,2,"1х117,126",243,Домофон,Метаком,,,1
06.07.2014 2:34:58,Александра,Вербицкого,11,16,7x36; 7х35;2х34,565,Домофон, CYFRAL ,,,1
06.07.2014 2:36:01,Александра,Вербицкого,"17г,в",1,117,117,Домофон, CYFRAL ,,,1
06.07.2014 2:36:33,Александра,Вербицкого,17б,ю,ю,ю,Консьерж ,,ДС,,1
06.07.2014 2:37:09,Александра,Вербицкого,15,1,118,118,Домофон, vizit,,,1
06.07.2014 2:37:58,Александра,Днепродзержинская,120,1,117,117,Домофон, CYFRAL ,,,1
06.07.2014 2:38:35,Александра,Днепродзержинская,110,m,m,m,Консьерж ,,?,,1
06.07.2014 2:39:14,Александра,Вербицкого,13,1,117,117,Домофон, vizit,,,1
06.07.2014 2:40:26,Александра,Харьковское шоссе,174б,8,5x36;3х35,285,Домофон, CYFRAL ,,,1
06.07.2014 2:41:32,Александра,Харьковское шоссе,176в,1,117,117,Домофон, CYFRAL ,,,1
06.07.2014 2:42:31,Александра,Харьковское шоссе,174a,4,3x36; 1х35,145,Домофон, CYFRAL ,,,1
06.07.2014 2:43:17,Александра,Вербицкого,19в,2,?,?,Домофон, CYFRAL ,закончили в 19,,1
06.07.2014 20:41:20,Влад,Ахматовой ,2б,ю,ю,б,Консьерж ,,ДС,,1
06.07.2014 20:44:23,Влад,Ахматовой ,2б,ю,ю,б,Консьерж ,,ДС,,1
06.07.2014 20:45:14,Влад,Ахматовой ,2а,ю,ю,ю,Консьерж ,,админ (начало 9:30),,1
06.07.2014 20:50:06,Влад,Ахматовой ,8,5,"1х100,85,43,96,52",379,Домофон,цифрал, консьерж,,1
06.07.2014 20:53:26,Влад,Ахматовой ,6,5,"1х100,85,43,90,52",370,Консьерж ,,,,1
06.07.2014 20:54:35,Влад,Ахматовой ,4,5,"1х100,85,43,90,52",370,Домофон,"визит, цифрал ",,,1
06.07.2014 20:55:52,Влад,Ревуцкого,10,3,3х72,216,Домофон,"цифрал, метаком ",,2,1
06.07.2014 20:56:54,Влад,Ревуцкого,8,7,7х40,280,Домофон,цифрал,,,1
06.07.2014 20:57:38,Влад,Ревуцкого,6,ю,ю,ю,Консьерж ,,тц,,1
06.07.2014 20:58:11,Влад,Ревуцкого,4а,ю,ю,ю,Консьерж ,,ДС,,1
06.07.2014 20:58:52,Влад,Ревуцкого,4,3,3х72,216,Домофон,"цифрал, метаком ",,,1
06.07.2014 20:59:26,Влад,Драгоманова,1л,1,126,126,Консьерж ,,,,1
06.07.2014 21:01:02,Влад,Драгоманова,1д,1,126,126,Консьерж ,,,,1
06.07.2014 21:04:05,Влад,Драгоманова,5,9,9х40,360,Домофон,цифрал,,,1
06.07.2014 21:05:07,Влад,Драгоманова,1а,3,"1х60,75,52",187,Консьерж ,,,,1
06.07.2014 21:05:58,Влад,Драгоманова,1г,3,"1х89,94,113",296,Консьерж ,,,,1
06.07.2014 21:06:50,Влад,Драгоманова,1к,3,"1х89,94,113",296,Консьерж ,,,,1
06.07.2014 21:07:19,Влад,Драгоманова,1б,1,126,126,Консьерж ,,,,1
06.07.2014 21:07:58,Влад,Драгоманова,1е,1,126,126,Консьерж ,,,,1
06.07.2014 21:09:44,Влад,Пчелки,6,1,240,240,Консьерж ,,,,1
06.07.2014 21:10:39,Влад,Пчелки,4,5,"3х105; 1х127,131",573,Консьерж ,,,,1
06.07.2014 21:11:16,Влад,Пчелки,2,5,2х114; 3х120,588,Консьерж ,,,,1
06.07.2014 21:12:09,Влад,Пчелки,2а,2,"1х95,126",221,Консьерж ,,,,1
06.07.2014 21:13:00,Влад,Пчелки,2б,5,5х109,545,Консьерж ,,,,1
06.07.2014 21:13:28,Влад,Ахматовой ,16г,1,79,79,Консьерж ,,,,1
06.07.2014 21:13:55,Влад,Ахматовой ,14в,ю,ю,ю,Консьерж ,,ДС,,1
06.07.2014 21:14:50,Влад,Ахматовой ,16б,3,1х64; 2х55,174,Консьерж ,,,,1
06.07.2014 21:15:24,Влад,Ахматовой ,18,1,80,80,Консьерж ,,,,1
06.07.2014 21:16:46,Влад,Ахматовой ,16в,5,5х64,320,Домофон,"цифрал, метаком,кс",2 консьерж,,1
06.07.2014 21:17:43,Влад,Ахматовой ,14б,7,5х64; 2х96,512,Домофон,"цифрал, метаком ","6,4,2 консьерж",,1
06.07.2014 21:18:13,Влад,Ахматовой ,14а,ю,ю,ю,Консьерж ,,тц,,1
06.07.2014 21:18:45,Влад,Ахматовой ,16а,ю,ю,ю,Консьерж ,,тц,,1
06.07.2014 21:19:23,Влад,Григоренко пр,13б,1,80,80,Консьерж ,,,,1
06.07.2014 21:21:59,Влад,Григоренко пр,11а,2,2х54,108,Домофон,кс, консьерж,,1
06.07.2014 21:23:16,Влад,Григоренко пр,13,3,"1х86,18,90",194,Домофон,кс, консьерж,,1
06.07.2014 21:24:12,Влад,Григоренко пр,13а,ю,ю,ю,Консьерж ,,котельня,,1
06.07.2014 21:26:42,Влад,Григоренко пр,15,3,"1х75,72,64",211,Консьерж ,,,,1
06.07.2014 21:27:13,Влад,Драгоманова,19,ю,ю,ю,Консьерж ,,тц,,1
06.07.2014 21:27:50,Влад,Драгоманова,21,ю,ю,ю,Консьерж ,,админ,,1
06.07.2014 21:29:32,Влад,Кошица,10,6,"2х52; 1х75,122,70,56",427,Домофон,"визит, цифрал ",,21,1
06.07.2014 21:32:22,Александра,Драгоманова,14,4,64,256,Консьерж ,,,,1
06.07.2014 21:33:23,Александра,Драгоманова,14а,4,64,256,Консьерж ,,начали работать в пол десятого 06.07 (9:30),,1
06.07.2014 21:33:49,Александра,Драгоманова,12,4,64,256,Консьерж ,,,,1
06.07.2014 21:35:31,Александра,Драгоманова,12а,3,1х64;2х109,282,Консьерж ,,,,1
06.07.2014 21:35:50,Александра,Драгоманова,8б,1,110,110,Консьерж ,,,,1
06.07.2014 21:36:12,Александра,Драгоманова,8,1,123,123,Консьерж ,,,,1
06.07.2014 21:36:44,Александра,Драгоманова,8а,3,1х64;2х109,282,Консьерж ,,,,1
06.07.2014 21:37:11,Александра,Драгоманова,6а,2,"1х110,80",190,Консьерж ,,,,1
06.07.2014 21:40:46,Александра,Драгоманова,6а,6,"1х168,96,110;3х120",744,Консьерж ,,,,1
06.07.2014 21:42:04,Александра,Драгоманова,10в,й,й,й,Консьерж ,,гимназия ,,1
06.07.2014 21:43:01,Влад,Кошица,8,ю,ю,ю,Консьерж ,,шк 296,,1
06.07.2014 21:44:50,Александра,Драгоманова,17,8,"3х38,5х36",304,Домофон,"цифрал, метаком, КС",,,1
06.07.2014 21:46:00,Александра,Драгоманова,15а,2,"1х101,85",186,Консьерж ,,,,1
06.07.2014 21:48:02,Влад,Кошица,"6,6",ю,ю,ю,Консьерж ,,"гимназия, шк 295",,1
06.07.2014 21:48:30,Влад,Кошица,4а,1,114,114,Домофон,цифрал,,,1
06.07.2014 21:48:21,Александра,Пчелки,3а,2,"1х132,80",212,Консьерж ,,,,1
06.07.2014 21:49:10,Влад,Кошица,4,6,5х40; 1х39,239,Домофон,"цифрал, метаком ",,,1
06.07.2014 21:49:41,Александра,Григоренко пр,1/7,3,"1х60,64,86",220,Консьерж ,,,,1
06.07.2014 21:49:54,Влад,Олейника,19,2,2х64,128,Домофон,"цифрал, метаком ",,,1
06.07.2014 21:50:26,Александра,Григоренко пр,1а,4,"3х64,1х80",272,Консьерж ,,,,1
06.07.2014 21:50:37,Влад,Олейника,17,2,2х64,128,Домофон,цифрал,,,1
06.07.2014 21:51:00,Александра,Григоренко пр,1б,1,80,80,Консьерж ,,,,1
06.07.2014 21:52:11,Александра,Григоренко пр,3в,4,"1х30,39 2х40",149,Домофон,КС,,,1
06.07.2014 21:52:45,Александра,Григоренко пр,3б,1,138,138,Консьерж ,,,,1
06.07.2014 21:53:56,Александра,Григоренко пр,3а,3,2х60 1х96,216,Консьерж ,,,,1
06.07.2014 21:53:59,Влад,Олейника,15,2,2х64,128,Домофон,Метаком,,,1
06.07.2014 21:54:41,Влад,Олейника,13,2,2х64,128,Домофон,цифрал,,,1
06.07.2014 21:54:42,Александра,Григоренко пр,1,2,"1х109,96",205,Консьерж ,,,,1
06.07.2014 21:55:39,Александра,Григоренко пр,5,2,"1х95,1х92",187,Консьерж ,,,,1
06.07.2014 21:55:55,Влад,Олейника,11,2,2х64,128,Домофон,цифрал,2 консьерж,,1
06.07.2014 21:56:05,Александра,Григоренко пр,5а,й,й,й,Консьерж ,,тц,,1
06.07.2014 21:56:26,Влад,Олейника,9,2,2х64,128,Домофон,Метаком,,,1
06.07.2014 21:56:52,Александра,Григоренко пр,7а,3,"2х52,1х90",194,Консьерж ,,,,1
06.07.2014 21:56:57,Александра,Олейника,7,2,2х64,128,Домофон,цифрал,,,1
06.07.2014 21:57:36,Влад,Олейника,5,2,2х64,128,Домофон,"цифрал, метаком ",,,1
06.07.2014 21:58:10,Влад,Олейника,3,2,2х64,128,Домофон,"Метаком, кс",,,1
06.07.2014 21:59:21,Влад,Ревуцкого,30а,ю,ю,ю,Консьерж ,,ДС,,1
06.07.2014 21:59:59,Влад,Ревуцкого,30,2,"1х39,40",79,Домофон,"цифрал, метаком ",,1,1
06.07.2014 22:00:42,Влад,Ревуцкого,34,6,?,?,Консьерж ,,?,,1
06.07.2014 22:01:33,Влад,Ревуцкого,34а,1,114,114,Домофон,елтис,,,1
06.07.2014 22:02:46,Влад,Ревуцкого,36,4,"2х75; 1х137,60",347,Домофон,"Метаком, кс",3 консьерж (конец 13:30),2,1
06.07.2014 22:14:17,Влад,Ревуцкого,36,4,"2х75; 1х137,60",347,Домофон,"Метаком, кс",3 консьерж (конец 13:30),2,1
06.07.2014 22:15:45,Влад,Декабристов,9а,1,111,111,Домофон,цифрал,начали в 13,,1
06.07.2014 22:16:37,Влад,Декабристов,9,10,"4х36; 3х35; 1х127,33,34",343,Домофон,цифрал,,,1
06.07.2014 22:17:06,Влад,Декабристов,7,ю,ю,ю,Консьерж ,,тц,,1
06.07.2014 22:18:00,Влад,Вербицкого,36,5,4х36; 1х18,162,Домофон,"цифрал, метаком ",,,1
06.07.2014 22:18:32,Влад,Вербицкого,36а,3,3х36,108,Домофон,Метаком,,,1
06.07.2014 22:19:01,Влад,Вербицкого,36б,1,111,111,Консьерж ,,,,1
06.07.2014 22:27:29,Влад,Армянская ,11,7,6х36; 1х60,276,Домофон,цифрал,,,1
06.07.2014 22:28:21,Влад,Харьковское шоссе,174,4,4х48,192,Домофон,цифрал,,,1
06.07.2014 22:28:56,Влад,Харьковское шоссе,176г,ю,юю,ю,Консьерж ,,админ ,,1
06.07.2014 22:31:25,Влад,Харьковское шоссе,178,9,4х36; 3х35; 2х34,317,Домофон,цифрал ,,,1
06.07.2014 22:32:54,Влад,Харьковское шоссе,180,6,"1х48,70,52,80,56,52",358,Домофон,цифрал,,21,1
06.07.2014 22:34:21,Влад,Вербицкого,19,10,5х36; 3х35; 2х34,353,Домофон,"цифрал, метаком ",,,1
06.07.2014 22:34:49,Влад,Вербицкого,19а,1,117,117,Домофон,цифрал,,,1
06.07.2014 22:35:22,Влад,Вербицкого,19б,1,117,117,Домофон,цифрал,,,1
06.07.2014 22:35:52,Влад,Вербицкого,19в,1,117,117,Домофон,цифрал,,,1
06.07.2014 22:36:45,Влад,Бажана ,5а,7,4х36; 2х34; 1х35,246,Домофон,"цифрал, метаком ",,,1
06.07.2014 22:37:21,Влад,Бажана ,7а,ю,ю,ю,Консьерж ,,ДС,,1
06.07.2014 22:37:49,Влад,Бажана ,5,1,111,111,Домофон,цифрал,,,1
06.07.2014 22:38:10,Влад,Бажана ,3,ю,ю,ю,Консьерж ,,тц,,1
06.07.2014 22:38:43,Влад,Бажана ,3а,ю,ю,ю,Консьерж ,,тц,,1
06.07.2014 22:40:03,Влад,Бажана ,5г,1,68,68,Консьерж ,,,,1
06.07.2014 22:40:38,Влад,Бажана ,5е,5,5х36,180,Домофон,цифрал,,,1
06.07.2014 22:41:16,Влад,Бажана ,5б,1,117,117,Домофон,Метаком,,,1
06.07.2014 22:41:47,Влад,Бажана ,5в,1,117,117,Домофон,цифрал,,,1
06.07.2014 22:42:10,Влад,Бажана ,7,1,111,111,Консьерж ,,,,1
06.07.2014 22:42:34,Влад,Бажана ,7ж,1,64,64,Консьерж ,,,,1
06.07.2014 22:43:27,Влад,Бажана ,7а,7,4х36; 2х34; 1х35,246,Домофон,цифрал,,,1
06.07.2014 22:44:29,Влад,Бажана ,7б,10,"1х127,34,33; 4х36; 3х35",343,Домофон,"цифрал, метаком ",,,1
06.07.2014 22:45:42,Влад,Бажана ,7д,1,111,111,Консьерж ,,,,1
06.07.2014 22:46:22,Влад,Бажана ,7и,5,5х36,180,Домофон,"цифрал, метаком ",,,1
06.07.2014 22:46:55,Влад,Бажана ,7в,1,117,117,Домофон,цифрал,,,1
06.07.2014 22:47:45,Влад,Бажана ,7г,1,117,117,Домофон, метаком ,,,1
06.07.2014 22:48:12,Влад,Бажана ,7е,ю,ю,ю,Консьерж ,,админ ,,1
06.07.2014 22:48:34,Влад,Бажана ,9,1,111,111,Консьерж ,,,,1
06.07.2014 22:49:20,Влад,Бажана ,9а,7,"5х36; 1х35,34",250,Домофон,"цифрал, метаком ",,,1
06.07.2014 22:58:12,Влад,Бажана ,9б,9,5х36; 3х35; 1х127,312,Домофон,"цифрал, метаком,кс",,,1
06.07.2014 22:58:45,Влад,Бажана ,9в,1,117,117,Домофон,визит,,,1
06.07.2014 22:59:14,Влад,Бажана ,9г,1,117,117,Домофон,визит,,,1
06.07.2014 22:59:39,Влад,Бажана ,9д,1,111,111,Консьерж ,,,,1
06.07.2014 23:00:02,Влад,Бажана ,9е,ю,ю,ю,Консьерж ,,ДС,,1
06.07.2014 23:00:50,Влад,Бажана ,9з,3,3х36,108,Домофон,цифрал,,,1
06.07.2014 23:01:11,Влад,Бажана ,9ж,1,111,111,Консьерж ,,,,1
06.07.2014 23:03:07,Влад,Армянская ,1,2,2х36,72,Домофон,"визит, цифрал ",,9к,1
06.07.2014 23:04:11,Влад,Армянская ,3,10,6х36; 3х35; 1х27,348,Домофон,"визит, цифрал, метаком ",,,1
06.07.2014 23:05:00,Влад,Армянская ,5,4,3х36; 1х35,143,Домофон,цифрал,,,1
06.07.2014 23:05:34,Влад,Армянская ,5а,1,111,111,Домофон,визит,,,1
06.07.2014 23:06:04,Влад,Армянская ,7,ю,ю,ю,Консьерж ,,админ,,1
06.07.2014 23:06:26,Влад,Армянская ,9,1,111,111,Консьерж ,,,,1
06.07.2014 23:06:55,Влад,Вербицкого,34а,1,111,111,Консьерж ,,,,1
06.07.2014 23:07:41,Влад,Вербицкого,34,8,"6х36; 1х60,18",294,Домофон,"визит, цифрал ",,,1
06.07.2014 23:13:26,Александра,Ахматовой ,7/15,9,"6х36,1х30,31,41",324,Домофон,Метаком ,,,1
06.07.2014 23:15:21,Александра,Ахматовой ,5,10,"9х36,1х40",364,Домофон,"Цифрал, визит, метаком",,,1
06.07.2014 23:16:02,Александра,Ахматовой ,3а,2,2х80,160,Консьерж ,,,,1
06.07.2014 23:16:45,Александра,Ахматовой ,5а,Й,Й,Й,Консьерж ,,Дет. Сад,,1
06.07.2014 23:18:13,Александра,Ахматовой ,3,2,"1х68,83",160,Консьерж ,,,,1
06.07.2014 23:19:59,Александра,Григоренко пр,7б,1,80,80,Домофон,Визит,,,1
06.07.2014 23:20:49,Александра,Григоренко пр,7в,5,"2х39,3х40",198,Домофон,Метаком,,,1
06.07.2014 23:21:33,Александра,Григоренко пр,9,2,"1х85,86",171,Консьерж ,,,,1
06.07.2014 23:22:34,Александра,Олейника,8,4,"3х40,1х49",169,Домофон,Цифрал ,,,1
06.07.2014 23:23:32,Александра,Ревуцкого,18,6,"1х46,70,60,48,110,114",460,Консьерж ,,,,1
06.07.2014 23:24:20,Александра,Ревуцкого,18а,6,"1х46,70,60,48,110,114",460,Консьерж ,,,,1
06.07.2014 23:25:32,Александра,Ревуцкого,24/4,10,"4х40,4х39,2х38",329,Домофон,Цифрал,,,1
06.07.2014 23:31:04,Влад,Вербицкого,32а,ю,ю,ю,Консьерж ,,тц,,1
06.07.2014 23:31:54,Влад,Вербицкого,30а,ю,ю,ю,Консьерж ,,тц,,1
06.07.2014 23:32:32,Влад,Вербицкого,30,ю,ю,ю,Консьерж ,,тц,,1
06.07.2014 23:33:39,Влад,Вербицкого,28,6,5х36; 1х60,240,Домофон,"метаком, елтис, кс, цифрал",,,1
06.07.2014 23:34:32,Влад,Вербицкого,28а,2,"1х36,72",108,Домофон,цифрал,,,1
06.07.2014 23:35:37,Влад,Вербицкого,28б,2,2х36,72,Домофон,"метаком, цифрал",,,1
06.07.2014 23:36:15,Влад,Вербицкого,28в,2,2х36,72,Домофон,цифрал,,,1
06.07.2014 23:37:00,Влад,Вербицкого,28г,ю,ю,ю,Консьерж ,,гимназия 237,,1
06.07.2014 23:38:11,Влад,Вербицкого,26,8,7х36; 1х60,312,Домофон,"цифрал, метаком",,,1
06.07.2014 23:38:50,Влад,Вербицкого,26а,2,2х36,72,Домофон,метаком,,,1
06.07.2014 23:39:38,Влад,Вербицкого,26б,2,2х36,72,Домофон,метаком,,,1
06.07.2014 23:40:13,Влад,Вербицкого,26в,ю,ю,ю,Консьерж ,,шк 255,,1
06.07.2014 23:41:52,Влад,Вербицкого,24,7,"5х36; 1х72,60",312,Домофон,цифрал,,,1
06.07.2014 23:42:32,Влад,Вербицкого,24а,2,2х36,72,Домофон,цифрал,,,1
06.07.2014 23:43:11,Влад,Вербицкого,24б,ю,ю,ю,Консьерж ,шк,,,1
06.07.2014 23:43:58,Влад,Вербицкого,24б,2,2х36,72,Домофон,метаком,,,1
06.07.2014 23:45:29,Влад,Драгоманова,13,3,3х72,216,Домофон,"цифрал, метаком",2 консьерж,10,1
06.07.2014 23:46:09,Влад,Драгоманова,9а,ю,ю,ю,Консьерж ,,шк 303,,1
06.07.2014 23:46:54,Влад,Драгоманова,9,4,"2х40;1х30,39",149,Домофон,"цифрал, метаком ",,,1
06.07.2014 23:47:39,Влад,Драгоманова,11,6,4х40; 2х39,238,Домофон,"цифрал, метаком ",,,1
06.07.2014 23:48:12,Влад,Драгоманова,7а,1,118,118,Домофон, метаком ,,,1
06.07.2014 23:48:38,Влад,Драгоманова,7,1,118,118,Домофон,визит,,,1
06.07.2014 23:49:25,Влад,Драгоманова,3,1,111,111,Домофон,цифрал,,,1
06.07.2014 23:49:57,Влад,Драгоманова,3в,1,111,111,Домофон,цифрал,,,1
06.07.2014 23:50:32,Влад,Драгоманова,3а,1,111,111,Домофон,цифрал,,,1
06.07.2014 23:51:19,Влад,Драгоманова,3б,1,111,111,Домофон,цифрал, консьерж (закончили в 19),,1
07.07.2014 21:57:38,Александра,Ахматовой ,24,1,150,150,Консьерж ,,,,1
07.07.2014 21:58:13,Александра,Ахматовой ,20а,1,150,150,Консьерж ,,,,1
07.07.2014 21:59:32,Александра,Ахматовой ,20б,Й,Й,Й,Консьерж ,,Дет. Сад,,1
07.07.2014 22:00:16,Александра,Ахматовой ,28,1,150,150,Консьерж ,,,,1
07.07.2014 22:02:05,Александра,Ахматовой ,48,1,105,105,Консьерж ,,,,1
07.07.2014 22:02:36,Александра,Ахматовой ,46,1,105,105,Консьерж ,,,,1
07.07.2014 22:03:25,Александра,Ахматовой ,50,1,105,105,Консьерж ,,,,1
07.07.2014 22:04:10,Александра,Ахматовой ,46а,Й,Й,Й,Консьерж ,,ТЦ ,,1
07.07.2014 22:04:41,Александра,Ахматовой ,48а,Й,Й,Й,Консьерж ,,ТЦ ,,1
07.07.2014 22:05:21,Александра,Ахматовой ,34,1,184,184,Консьерж ,,,,1
07.07.2014 22:06:05,Александра,Ахматовой ,32/18,1,184,184,Консьерж ,,,,1
07.07.2014 22:15:27,Александра,Ахматовой ,30,6,"1х104,92,47,76, 2х84",486,Консьерж ,,,,1
07.07.2014 22:16:14,Александра,Урловская,24,1,150,150,Консьерж ,,,,1
07.07.2014 22:17:29,Александра,Урловская,20,3,"2х149,1х100",398,Консьерж ,,,,1
07.07.2014 22:18:35,Александра,Урловская,11/44,5,"1х80,94,68,96,88",454,Консьерж ,,,,1
07.07.2014 22:19:11,Александра,Урловская,13,Й,Й,Й,Консьерж ,,Поликлиника,,1
07.07.2014 22:20:10,Александра,Урловская,11а,4,"1х101,98,2х68",336,Домофон,Визит,,,1
07.07.2014 22:21:43,Александра,Урловская,21в,Й,Й,Й,Консьерж ,,"Дет, сад",,1
07.07.2014 22:22:36,Александра,Урловская,23в,1,230,230,Консьерж ,,,,1
07.07.2014 22:23:31,Александра,Урловская,23б,1,230,230,Консьерж ,,,,1
07.07.2014 22:24:30,Александра,Урловская,21б,1,111,111,Консьерж ,,,,1
07.07.2014 22:25:00,Александра,Урловская,21а,1,111,111,Консьерж ,,,,1
07.07.2014 22:25:29,Александра,Урловская,21,1,111,111,Консьерж ,,,,1
07.07.2014 22:26:04,Александра,Урловская,23а,1,230,230,Консьерж ,,,,1
07.07.2014 22:26:35,Александра,Урловская,23,1,230,230,Консьерж ,,,,1
07.07.2014 22:27:16,Александра,Урловская,19а,Й,Й,Й,Консьерж ,,Дет. Сад,Й,1
07.07.2014 22:28:31,Александра,Урловская,19,2,2х130,260,Домофон,Цифрал,,,1
07.07.2014 22:29:17,Александра,Урловская,17,2,2х130,260,Домофон,Цифрал,,,1
07.07.2014 22:29:48,Александра,Урловская,15,2,2х130,260,Домофон,Цифрал,,,1
07.07.2014 22:30:46,Александра,Урловская,19б,Й,Й,Ц,Консьерж ,,Школа,,1
07.07.2014 22:31:48,Александра,Днепровская наб,25б,Й,Й,Й,Консьерж ,,ТЦ ,,1
07.07.2014 22:32:42,Александра,Днепровская наб,25,3,"2х64,78",284,Консьерж ,,,,1
07.07.2014 22:33:24,Александра,Днепровская наб,19в,4,"2х99,1х69,68",336,Консьерж ,,,,1
07.07.2014 22:34:21,Александра,Днепровская наб,19а,4,"2х68 1х89,88",313,Консьерж ,,,,1
07.07.2014 22:35:00,Александра,Днепровская наб,19,4,"1х68,100,64,77",309,Консьерж ,,,,1
07.07.2014 22:35:54,Александра,Днепровская наб,23,4,"2х64,78",284,Консьерж ,,,,1
07.07.2014 22:36:47,Александра,Днепровская наб,21,Й,Й,Й,Консьерж ,,ТЦ ,,1
07.07.2014 22:37:32,Александра,Днепровская наб,23в,Й,Й,Й,Консьерж ,,Админ. Здание,,1
07.07.2014 22:38:48,Александра,Днепровская наб,19б,Й,Й,Й,Консьерж ,,Школа,,1
07.07.2014 22:39:20,Александра,Днепровская наб,23а,Й,Й,Ф,Консьерж ,,Тц,,1
07.07.2014 22:39:55,Александра,Днепровская наб,25а,Ф,Й,Й,Консьерж ,,Тц,,1
08.07.2014 10:21:16,Влад,Григоренко пр,22\20,6,"2х84,92;1х105,147",604,Консьерж ,,,,1
08.07.2014 10:21:53,Влад,Григоренко пр,20,1,140,140,Консьерж ,,,,1
08.07.2014 10:22:28,Влад,Григоренко пр,18А,4,4Х109,436,Консьерж ,,,,1
08.07.2014 10:23:13,Влад,Григоренко пр,16,3,"1Х144,88,126",358,Консьерж ,,,,1
08.07.2014 10:25:19,Влад,Григоренко пр,14,3,"1Х149,88,131",368,Консьерж ,,"кст забыл написать,. с Григоренка 22\20, начали в пол девятого, закончили в 11 (урловская 30)",,1
08.07.2014 10:25:55,Влад,Григоренко пр,12,3,"1Х149,88,131",368,Консьерж ,,,,1
08.07.2014 10:26:48,Влад,Здолбуновская,11,2,64,128,Домофон,"цифрал, КС",,,1
08.07.2014 10:27:17,Влад,Здолбуновская,13,й,й,й,Консьерж ,,стройка,,1
08.07.2014 10:27:54,Влад,Здолбуновская,11а,2,64,128,Домофон,цифрал,,,1
08.07.2014 10:28:33,Влад,Здолбуновская,11б,2,64,128,Домофон,цифрал,,,1
08.07.2014 10:29:48,Влад,Здолбуновская,9б,2,109,218,Консьерж ,,,,1
08.07.2014 10:30:48,Влад,Здолбуновская,9,6,4Х39;2Х40,236,Домофон,"цифрал, метаком",,,1
08.07.2014 10:31:34,Влад,Здолбуновская,9А,2,"64,79",143,Консьерж ,,,,1
08.07.2014 10:32:04,Влад,Здолбуновская,7,й,й,й,Консьерж ,,тц,,1
08.07.2014 10:32:40,Влад,Здолбуновская,7а,2,36,72,Домофон,цифрал,,,1
08.07.2014 10:34:09,Влад,Здолбуновская,1,1,171,171,Домофон,елтис,,,1
08.07.2014 10:34:36,Влад,Здолбуновская,7б,й,й,й,Консьерж ,,школа 111,,1
08.07.2014 10:35:09,Влад,Здолбуновская,5,1,127,127,Домофон,цифрал,,,1
08.07.2014 10:35:54,Влад,Здолбуновская,5а,1,115,115,Домофон,визит,,,1
08.07.2014 10:36:44,Влад,Здолбуновская,3,7,36,252,Домофон,"цифрал, метаком",,,1
08.07.2014 10:36:50,Влад,Здолбуновская,3,7,36,252,Домофон,"цифрал, метаком",,,1
08.07.2014 10:36:55,Влад,Здолбуновская,3,7,36,252,Домофон,"цифрал, метаком",,,1
08.07.2014 10:37:03,Влад,Здолбуновская,3,7,36,252,Домофон,"цифрал, метаком",,,1
08.07.2014 10:37:28,Влад,Здолбуновская,3Б,2,117,234,Домофон,визит,,,1
08.07.2014 10:38:12,Влад,Здолбуновская,3в,2,36,72,Домофон,цифрал,,,1
08.07.2014 10:38:36,Влад,Здолбуновская,3г,1,110,110,Консьерж ,,,,1
08.07.2014 10:39:26,Влад,Сортировочная,2,3,"2х36,1х35",107,Домофон,цифрал,,,1
08.07.2014 10:40:02,Влад,Сортировочная,4,1,175,175,Консьерж ,,,,1
08.07.2014 10:40:44,Влад,Урловская,40,1,183,183,Консьерж ,,,,1
08.07.2014 10:41:25,Влад,Урловская,38,5,не вычислил,670,Консьерж ,,,,1
08.07.2014 10:42:11,Влад,Урловская,38а,2,"124,149",273,Консьерж ,,,,1
08.07.2014 10:42:41,Влад,Урловская,36а,1,150,150,Консьерж ,,,,1
08.07.2014 10:43:09,Влад,Урловская,34а,1,150,150,Консьерж ,,,,1
08.07.2014 10:43:51,Влад,Урловская,36,3,"2х131,1х149",411,Консьерж ,,,,1
08.07.2014 10:44:41,Влад,Урловская,34,3,"2х131,1х149",411,Консьерж ,,,,1
08.07.2014 10:45:27,Влад,Урловская,30,3,"131,126,149",406,Консьерж ,,,,1
08.07.2014 10:47:36,Влад,Григоренко пр,24,2,60,120,Консьерж ,,"начали в 4,закончили в пол девятого (урловская 16\37)",,1
08.07.2014 10:47:59,Влад,Григоренко пр,26,й,й,й,Консьерж ,,тц,,1
08.07.2014 10:48:42,Влад,Григоренко пр,26а,5,"44,52,60,55,47",258,Домофон,метаком,+консьерж,,1
08.07.2014 10:49:36,Влад,Григоренко пр,28,5,"2х80,75;1х60",370,Консьерж ,,,,1
08.07.2014 10:50:06,Влад,Григоренко пр,28а,1,131,131,Консьерж ,,,,1
08.07.2014 10:50:27,Влад,Григоренко пр,28б,1,131,131,Консьерж ,,,,1
08.07.2014 10:51:00,Влад,Григоренко пр,28в,1,131,131,Консьерж ,,,,1
08.07.2014 10:51:55,Влад,Срибнокильская,б,1,102,102,Консьерж ,,,,1
08.07.2014 10:52:30,Влад,Срибнокильская,3а,1,85,85,Консьерж ,,,,1
08.07.2014 10:53:03,Влад,Срибнокильская,3в,1,103,103,Консьерж ,,,,1
08.07.2014 10:53:46,Влад,Срибнокильская,1,4,"265,88,88,201",642,Консьерж ,,,,1
08.07.2014 10:54:35,Влад,Срибнокильская,1/2,3,"85,100,60",245,Домофон,цифрал,,,1
08.07.2014 10:55:52,Влад,Срибнокильская,4,3,"85,52,90",227,Домофон,цифрал,+консьерж,,1
08.07.2014 10:56:29,Влад,Срибнокильская,2а,й,й,й,Консьерж ,,тц,,1
08.07.2014 10:56:52,Влад,Срибнокильская,4а,й,й,й,Кодовый замок,,детсад,й,1
08.07.2014 10:58:07,Влад,Срибнокильская,8,7,"4х60,2х75,1х85",475,Домофон,"цифрал, метаком, визит",6 подъезд конс,,1
08.07.2014 10:59:15,Влад,Срибнокильская,8а,3,"2х85,1х75",245,Домофон,визит,,,1
08.07.2014 10:59:58,Влад,Срибнокильская,2А,1,202,202,Консьерж ,,,,1
08.07.2014 11:03:20,Влад,Срибнокильская,12,8,"3х6,2х9,1х114,41,13",225,Домофон,"цифрал, визит","очень странная нумерация, +консьерж",,1
08.07.2014 11:04:10,Влад,Срибнокильская,14а,3,"57,65,34",157,Консьерж ,,,,1
08.07.2014 11:04:45,Влад,Срибнокильская,14б,й,й,й,Консьерж ,,детсад,,1
08.07.2014 11:05:35,Влад,Срибнокильская,14,5,"3х60,1х75,85",340,Консьерж ,,,,1
08.07.2014 11:06:59,Влад,Срибнокильская,16,4,"3х60,1х75",255,Домофон,"цифрал, метаком",,,1
08.07.2014 11:08:55,Влад,Срибнокильская,20,4,"2х63,85",296,Консьерж ,,,,1
08.07.2014 11:09:32,Влад,Срибнокильская,20,4,"2х63,85",296,Консьерж ,,,,1
08.07.2014 11:10:48,Влад,Срибнокильская,22а,4,"3х40,1х39",359,Домофон,метаком,,,1
08.07.2014 11:11:37,Влад,Срибнокильская,22,1,169,169,Консьерж ,,,,1
08.07.2014 12:09:33,Влад,Срибнокильская,24а,3,40,120,Домофон,метаком,,,1
08.07.2014 12:10:56,Влад,Срибнокильская,24,5,"96,89,71,69,49",370,Консьерж ,,,,1
08.07.2014 12:34:17,Влад,Драгоманова,3б,1,111,111,Домофон,цифрал, консьерж (закончили в 19),,1
08.07.2014 12:39:53,Александра,Драгоманова,31,3,"1х60,74,72",206,Домофон,визит,начало 16,,1
08.07.2014 13:11:55,Александра,Драгоманова,29,ю,ю,ю,Консьерж ,,тц,,1
08.07.2014 14:03:15,Александра,Драгоманова,31б,4,"1х80,81,146,65",372,Консьерж ,,,,1
08.07.2014 14:06:29,Александра,Драгоманова,31в,3,"1х99,101,102",302,Консьерж ,,,,1
08.07.2014 14:06:34,Александра,Драгоманова,31в,3,"1х99,101,102",302,Консьерж ,,,,1
08.07.2014 14:38:18,Александра,Бажана ,1м,2,"1х195,210",405,Домофон,визит, консьерж,,1
08.07.2014 14:39:17,Александра,Кошица,5д,ю,ю,ю,Консьерж ,,ДС,,1
08.07.2014 14:40:37,Александра,Кошица,5а,ю,ю,ю,Консьерж ,,админ,,1
08.07.2014 14:41:28,Александра,Кошица,5,ю,ю,ю,Консьерж ,,админ ,,1
08.07.2014 14:42:18,Александра,Кошица,3,ю,ю,ю,Консьерж ,,админ,,1
08.07.2014 14:43:44,Александра,Кошица,3а,ь ,т,ь ,Консьерж ,,админ,,1
08.07.2014 14:45:48,Александра,Кошица,7а,1,80,80,Домофон,цифрал, консьерж,,1
08.07.2014 14:48:11,Александра,Кошица,7,6,"3х39,40",237,Домофон,"визит, цифрал ",,,1
08.07.2014 14:51:08,Александра,Кошица,9,4,1х79; 3х95,364,Домофон, метаком , консьерж,,1
08.07.2014 14:52:02,Александра,Кошица,11,ю,ю,ю,Консьерж ,,админ,,1
08.07.2014 14:52:57,Александра,Кошица,9б,1,147,147,Домофон,цифрал, консьерж,,1
08.07.2014 14:55:14,Александра,Драгоманова,23-а,4,?,?,Домофон,"визит, цифрал ",,,1
08.07.2014 14:56:23,Александра,Драгоманова,21а,ю,ю,ю,Консьерж ,,клиника,,1
08.07.2014 15:58:23,Александра,Драгоманова,23Б,3,"1х83,65,77",225,Домофон,визит, консьерж,,1
08.07.2014 16:00:01,Александра,Драгоманова,27,4,3х40; 1х39,159,Домофон,"Метаком,vizit",,,1
08.07.2014 16:01:02,Александра,Драгоманова,25,7,4х40; 3х39,277,Домофон,"визит, цифрал, метаком ",,,1
08.07.2014 16:01:40,Александра,Драгоманова,25а,ю,ю,ю,Консьерж ,,ДС,,1
08.07.2014 16:02:40,Александра,Драгоманова,40,1,111,111,Домофон,визит, консьерж,,1
08.07.2014 16:03:34,Александра,Драгоманова,40а,1,111,111,Домофон,визит, консьерж,,1
08.07.2014 16:04:51,Александра,Драгоманова,40б,1,111,111,Домофон,визит, консьерж,,1
08.07.2014 16:06:56,Александра,Драгоманова,42а,6,2х39; 4х40,238,Домофон,цифрал,,,1
08.07.2014 17:18:21,Александра,Григоренко пр,25в,1,116,116,Домофон,цифрал,,,1
08.07.2014 17:20:34,Александра,Григоренко пр,21в,ю,ю,б,Консьерж ,,лицей ,,1
08.07.2014 17:21:49,Александра,Григоренко пр,21б,ю,ю,ю,Консьерж ,,шк 309,,1
08.07.2014 17:22:31,Александра,Григоренко пр,25б,1,116,116,Домофон, метаком ,,,1
08.07.2014 17:23:53,Александра,Григоренко пр,25а,1,116,116,Домофон, метаком ,,,1
08.07.2014 17:24:52,Александра,Драгоманова,42,8,5х40; 3х39,317,Домофон,"визит, цифрал, метаком ",,,1
08.07.2014 17:25:28,Александра,Драгоманова,42б,ю,ю,ю,Консьерж ,,ДС,,1
08.07.2014 23:00:52,Александра,Драгоманова,44а; 33/44,8,"3х56; 1х90,60,80,88,95",581,Домофон, метаком , консьерж (1дом-2улицы),,1
08.07.2014 23:04:07,Александра,Григоренко пр,31,2,2х64,128,Домофон,визит, консьерж,,1
08.07.2014 23:04:45,Александра,Григоренко пр,29,2,2х64,128,Домофон,визит, консьерж,,1
08.07.2014 23:05:28,Александра,Григоренко пр,25,2,2х64,128,Домофон,визит, консьерж,,1
08.07.2014 23:05:59,Александра,Григоренко пр,27,2,2х64,128,Домофон,визит, консьерж,,1
08.07.2014 23:07:28,Александра,Григоренко пр,21,8,"4х40; 2х39; 1х38,42",318,Домофон,"визит, метаком ",,,1
08.07.2014 23:08:03,Александра,Григоренко пр,21а,ю,ю,ю,Консьерж ,,дс,,1
08.07.2014 23:08:31,Александра,Григоренко пр,23,1,160,160,Консьерж ,,,,1
08.07.2014 23:10:57,Александра,Григоренко пр,19,6,4х40; 2х39,238,Домофон,визит,,,1
08.07.2014 23:11:48,Александра,Григоренко пр,19а,1,95,95,Домофон,цифрал,,,1
08.07.2014 23:12:19,Александра,Ахматовой ,13в,ю,ю,ю,Консьерж ,,мед центр,,1
08.07.2014 23:12:55,Александра,Ахматовой ,17,2,2х64,128,Домофон,визит, консьерж,,1
08.07.2014 23:13:30,Александра,Ахматовой ,19,2,2х64,128,Консьерж ,,,,1
08.07.2014 23:13:56,Александра,Ахматовой ,21,2,2х64,128,Консьерж ,,,,1
08.07.2014 23:14:31,Александра,Ахматовой ,23,2,2х64,128,Домофон,цифрал, консьерж,,1
08.07.2014 23:15:01,Александра,Ахматовой ,25,2,2х64,128,Домофон,"визит, цифрал ",,,1
08.07.2014 23:15:53,Александра,Ахматовой ,15,4,"2х89,63",304,Домофон,"визит, цифрал ", консьерж,,1
08.07.2014 23:16:32,Александра,Ахматовой ,11,5,5х40,200,Домофон, метаком , консьерж,,1
08.07.2014 23:16:58,Александра,Ахматовой ,11а,ю,ю,ю,Консьерж ,,дс,,1
08.07.2014 23:17:39,Александра,Ахматовой ,9,3,2х40; 1х50,130,Консьерж ,,,18,1
08.07.2014 23:18:32,Александра,Драгоманова,20,5,5х40,200,Домофон,цифрал,,,1
08.07.2014 23:19:16,Александра,Драгоманова,22,4,"2х40,48",176,Домофон,"визит, метаком ",,,1
08.07.2014 23:20:13,Александра,Драгоманова,19,8,"3х48,49; 2х40",371,Домофон,"цифрал, метаком ",,,1
08.07.2014 23:20:54,Александра,Драгоманова,20а,1,95,95,Домофон,цифрал,,,1
08.07.2014 23:21:42,Александра,Ахматовой ,13д,3,"1х156,130,155",441,Домофон,визит, консьерж,,1
08.07.2014 23:22:55,Александра,Ахматовой ,13,3,"1х153,105,110",368,Домофон,визит, консьерж,,1
08.07.2014 23:24:07,Александра,Ахматовой ,41,ю,ю,ю,Консьерж ,,арендуется ,,1
08.07.2014 23:24:39,Александра,Ахматовой ,13г,1,60,60,Консьерж ,,,,1
08.07.2014 23:25:13,Александра,Ахматовой ,13б,1,95,95,Домофон,цифрал, консьерж,,1
08.07.2014 23:25:55,Александра,Ахматовой ,13а,1,95,95,Домофон,кс, консьерж,,1
08.07.2014 23:27:06,Александра,Княжий Затон,30,8,"4х75; 2х60; 1х52,85",557,Консьерж ,,,2,1
08.07.2014 23:27:32,Александра,Княжий Затон,30,8,"4х75; 2х60; 1х52,85",557,Консьерж ,,конец 20:30,2,1
08.07.2014 23:28:43,Влад,Княжий Затон,3,1,111,111,Домофон,цифрал,,,1
08.07.2014 23:30:14,Влад,Княжий Затон,5,1,111,111,Домофон,цифрал,,,1
08.07.2014 23:30:45,Влад,Княжий Затон,7,1,111,111,Домофон,цифрал,,,1
08.07.2014 23:31:19,Влад,Княжий Затон,7а,ю,ю,ю,Консьерж ,,шк 314,,1
08.07.2014 23:31:49,Влад,Княжий Затон,9,2,2х182,364,Консьерж ,,,,1
08.07.2014 23:32:42,Влад,Княжий Затон,11,6,"1х64,46; 2х60,44",320,Консьерж ,,,,1
08.07.2014 23:33:25,Влад,Княжий Затон,13,3,1х83; 2х40,118,Домофон,цифрал,,,1
08.07.2014 23:34:10,Влад,Княжий Затон,15,3,1х39; 2х40,119,Домофон, метаком ,,,1
08.07.2014 23:36:26,Влад,Княжий Затон,17,3,1х39; 2х40,119,Домофон,цифрал,,,1
08.07.2014 23:38:02,Влад,Княжий Затон,17а,1,116,116,Домофон,визит,,,1
08.07.2014 23:38:44,Влад,Княжий Затон,21,4,"1х89,85,88,265",530,Консьерж ,,,,1
08.07.2014 23:39:20,Влад,Княжий Затон,17б,1,116,116,Домофон,визит,,,1
08.07.2014 23:40:00,Влад,Княжий Затон,17в,ю,ю,ю,Консьерж ,,шк 62,,1
08.07.2014 23:40:30,Влад,Княжий Затон,17г,ю,ю,ю,Консьерж ,,ДС,,1
08.07.2014 23:41:17,Влад,Княжий Затон,19,3,1х30; 2х40,110,Домофон,цифрал,,,1
08.07.2014 23:42:30,Влад,Княжий Затон,14а,1,64,64,Домофон,цифрал,,,1
08.07.2014 23:43:02,Влад,Княжий Затон,14б,1,64,64,Домофон,цифрал,,,1
08.07.2014 23:43:45,Влад,Княжий Затон,14в,1,98,98,Консьерж ,,,,1
08.07.2014 23:44:13,Влад,Княжий Затон,14г,1,84,84,Домофон, метаком ,,,1
08.07.2014 23:44:51,Влад,Княжий Затон,12,5,3х40; 2х39,198,Домофон,цифрал,,,1
08.07.2014 23:46:15,Влад,Княжий Затон,16в,1,68,68,Консьерж ,,,,1
08.07.2014 23:46:43,Влад,Княжий Затон,16б,1,68,68,Консьерж ,,,,1
08.07.2014 23:47:07,Влад,Княжий Затон,16а,1,68,68,Консьерж ,,,,1
08.07.2014 23:47:32,Влад,Княжий Затон,16д,ю,ю,ю,Консьерж ,,тц,,1
08.07.2014 23:48:03,Влад,Княжий Затон,16г,ю,ю,ю,Консьерж ,,тц,,1
08.07.2014 23:48:31,Влад,Княжий Затон,12,ю,ю,ю,Консьерж ,,шк ,,1
08.07.2014 23:49:37,Влад,Княжий Затон,4,8,8х36,288,Домофон, метаком , консьерж,,1
08.07.2014 23:50:08,Влад,Княжий Затон,4а,1,111,111,Консьерж ,,,,1
08.07.2014 23:50:40,Влад,Княжий Затон,2,2,2х96,192,Консьерж ,,,,1
08.07.2014 23:52:49,Влад,Урловская,9,7,7х64,448,Консьерж ,,,,1
08.07.2014 23:53:22,Влад,Урловская,7,2,2х64,128,Консьерж ,,,,1
08.07.2014 23:55:34,Влад,Урловская,5,3,1х40; 2х30,100,Домофон,цифрал,,,1
08.07.2014 23:56:48,Влад,Урловская,5а,2,"1х64,79",143,Домофон, метаком , консьерж,,1
08.07.2014 23:57:21,Влад,Урловская,3,2,2х64,128,Домофон,цифрал,,,1
08.07.2014 23:57:57,Влад,Урловская,3а,2,2х64,128,Домофон,цифрал,,,1
08.07.2014 23:58:30,Влад,Урловская,3б,2,2х64,128,Домофон, метаком ,,,1
08.07.2014 23:59:24,Влад,Урловская,3г,ю,ю,ю,Консьерж ,,ДС,,1
09.07.2014 0:00:23,Влад,Урловская,1,8,4х40; 3х39; 1х116,393,Домофон,"цифрал, метаком ",,8,1
09.07.2014 0:01:03,Влад,Урловская,4,2,"1х60, 52",112,Консьерж ,,,,1
09.07.2014 0:01:32,Влад,Урловская,4а,1,94,94,Консьерж ,,,,1
09.07.2014 0:02:02,Влад,Урловская,8,2,"1х60,52",112,Консьерж ,,,,1
09.07.2014 0:02:33,Влад,Урловская,8а,1,78,78,Домофон,цифрал, консьерж,,1
09.07.2014 0:02:57,Влад,Урловская,10а,1,78,78,Консьерж ,,,,1
09.07.2014 0:03:34,Влад,Урловская,12,2,"1х60, 52",112,Консьерж ,,,,1
09.07.2014 0:03:56,Влад,Урловская,14,1,111,111,Консьерж ,,,,1
09.07.2014 0:04:52,Влад,Урловская,16,3,2х96; 1х95,287,Консьерж ,,,,1
09.07.2014 0:05:23,Влад,Урловская,16,1,124,124,Консьерж ,,,37,1
09.07.2014 0:06:06,Влад,Ахматовой ,47,1,105,105,Консьерж ,,,,1
09.07.2014 0:06:30,Влад,Ахматовой ,45,1,105,105,Консьерж ,,,,1
09.07.2014 0:08:47,Влад,Ахматовой ,43,9,"2х64; 4х48; 1х55,63,56",494,Домофон,кс, консьерж,,1
09.07.2014 0:09:13,Влад,Ахматовой ,41,2,2х64,128,Консьерж ,,,,1
09.07.2014 0:09:40,Влад,Ахматовой ,39а,1,111,111,Консьерж ,,,,1
09.07.2014 0:10:01,Влад,Ахматовой ,39б,1,111,111,Консьерж ,,,,1
09.07.2014 0:10:29,Влад,Ахматовой ,37,3,1х63; 2х64,191,Консьерж ,,,,1
09.07.2014 0:11:08,Влад,Ахматовой ,35,4,1х90; 3х60,270,Консьерж ,,,,1
09.07.2014 0:11:44,Влад,Ахматовой ,35а,3,3х90,270,Консьерж ,,,,1
09.07.2014 0:12:23,Влад,Ахматовой ,35б,3,3х60,180,Консьерж ,,,,1
09.07.2014 0:12:49,Влад,Ахматовой ,33,2,2х60,120,Консьерж ,,,,1
09.07.2014 0:13:32,Влад,Ахматовой ,31,4,"2х64,68",264,Консьерж ,,конец 20:30,,1